name_zh,bgg_id,bgg_query,name_en_override,category_zh,alias_zh,price_msrp_twd,price_twd,used_price_twd,price_note,used_note,manual_override,stock,description,image_override,image_version_id,,,,
ZIP ZAP,117814,,,,,450,450,250,,,1,1,,,,,,,
VYE,142239,,,,,,,,,,,1,,,,,,,
Uno疊疊樂,2821,,,,,799,799,350,,,1,1,,,,,,,
UNO SHOW'EM NO MERCY,399088,,,,,469,469,300,,,1,1,,,,,,,
UNO,2223,,,,,269,269,150,,,1,1,,,,,,,
Whoa dominoes,2394,,,,,625,625,500,,,1,1,,,,,,,
TOCTO LOTO,,,,,,,,,,,,,,,,,,,
The frog prince,,,,,,,,,,,,,,,,,,,
Solo,3347,,,,,250,250,120,,,1,2,Swan Panasia Chinese edition 2013,https://cf.geekdo-images.com/Q-YgMsvL4P2vWjSx1qHi0w__small/img/wXMxineQZz0mSYBbBmVooyFTvTw=/fit-in/200x150/filters:strip_icc()/pic2390725.png,265142,,,,
Solo,,,,,,,,,,,,,,,,,,,
Sifaka,,,,,,,,,,,,,,,,,,,
SEVEN!,105866,,,,,490,490,250,,,1,2,Chinese edition,https://cf.geekdo-images.com/11_4ft9nWaMW9sTrTr-m8w__small@2x/img/g8Bo8c8hrUeWanMi2a7qGWlh0jA=/fit-in/400x300/filters:strip_icc()/pic5531526.jpg,517784,,,,
SET,,,,,,,,,,,,,,,,,,,
SET,,,,,,,,,,,,,,,,,,,
SET,,,,,,,,,,,,,,,,,,,
SET,,,,,,,,,,,,,,,,,,,
SET,,,,,,,,,,,,,,,,,,,
SET,,,,,,,,,,,,,,,,,,,
SET,,,,,,,,,,,,,,,,,,,
SET,,,,,,,,,,,,,,,,,,,
SET,,,,,,,,,,,,,,,,,,,
SET,,,,,,,,,,,,,,,,,,,
SET,,,,,,,,,,,,,,,,,,,
Red7,,,,,,,,,,,,,,,,,,,
Ranking,80942,,,,,1280,1280,768,,,1,1,,https://cf.geekdo-images.com/ybE6_MilIX9a0yXKSx8WWA__small@2x/img/7AUcnLjAdRU9Az2YmPp6K3j13UU=/fit-in/400x300/filters:strip_icc()/pic819469.jpg,61093,,,,
QWINTO,,,,,,,,,,,,,,,,,,,
QWINTO,,,,,,,,,,,,,,,,,,,
Quibbit,,,,,,,,,,,,,,,,,,,
pony run,,,,,,,,,,,,,,,,,,,
Pinguin Picknick,,,,,,,,,,,,,,,,,,,
Pinguin Picknick,,,,,,,,,,,,,,,,,,,
Petits chevaux - Ludo,,,,,,,,,,,,,,,,,,,
Ozo王大作戰,,,,,,,,,,,,,,,,,,,
OUCH!,,,,,,,,,,,,,,,,,,,
OUCH!,,,,,,,,,,,,,,,,,,,
OUCH!,,,,,,,,,,,,,,,,,,,
OUCH!,,,,,,,,,,,,,,,,,,,
orchard,,,,,,,,,,,,,,,,,,,
Office 21,,,,,,,,,,,,,,,,,,,
Office 21,,,,,,,,,,,,,,,,,,,
NANU,,,,,,,,,,,,,,,,,,,
NANU,,,,,,,,,,,,,,,,,,,
Nain jaune,,,,,,,,,,,,,,,,,,,
Moo斯密碼,,,,,,,,,,,,,,,,,,,
Moo斯密碼,,,,,,,,,,,,,,,,,,,
MIX IT,,,,,,,,,,,,,,,,,,,
MIX IT,,,,,,,,,,,,,,,,,,,
Mini Shiver-stone Castle,,,,,,,,,,,,,,,,,,,
Mauseschlau & Bärenstark Wissen und Lachen – Deutschland,,,,,,,,,,,,,,,,,,,
LOOT,,,,,,,,,,,,,,,,,,,
little monster,,,,,,,,,,,,,,,,,,,
little fox,,,,,,,,,,,,,,,,,,,
Lighthouse adventure,,,,,,,,,,,,,,,,,,,
legespiel obst,,,,,,,,,,,,,,,,,,,
laundry Day,,,,,,,,,,,,,,,,,,,
La Boca,,,,,,,,,,,,,,,,,,,
KS亡者神抽,,,,,,,,,,,,,,,,,,,
Kombat Kittens,,,,,,,,,,,,,,,,,,,
K2,,,,,,,,,,,,,,,,,,,
Hector Tayleplufor,,,,,,,,,,,,,,,,,,,
HATS OFF,,,,,,,,,,,,,,,,,,,
Gruselino,,,,,,,,,,,,,,,,,,,
Grand prix,,,,,,,,,,,,,,,,,,,
GHOST CATCHER,,,,,,,,,,,,,,,,,,,
G同鴨搶,,,,,,,,,,,,,,,,,,,
FUSION,,,,,,,,,,,,,,,,,,,
FUSION,,,,,,,,,,,,,,,,,,,
FUSION,,,,,,,,,,,,,,,,,,,
FUSION,,,,,,,,,,,,,,,,,,,
FINDING DORY,,,,,,,,,,,,,,,,,,,
"Fex, look smart!",,,,,,,,,,,,,,,,,,,
Fastrack,,,,,,,,,,,,,,,,,,,
DOS遊戲卡,,,,,,,,,,,,,,,,,,,
Ding~上菜囉(桌遊+繪本),,,,,,,,,,,,,,,,,,,
Ding~上菜囉,,,,,,,,,,,,,,,,,,,
der große diktator,,,,,,,,,,,,,,,,,,,
Dead Man's Treasure,,,,,,,,,,,,,,,,,,,
DC超級英雄,,,,,,,,,,,,,,,,,,,
Dancing dice,,,,,,,,,,,,,,,,,,,
CV人生規劃,,,,,,,,,,,,,,,,,,,
CS犯罪現場+隱蔽同盟擴充套組,,,,,,,,,,,,,,,,,,,
CS犯罪現場,,,,,,,,,,,,,,,,,,,
Col-Or-Form,,,,,,,,,,,,,,,,,,,
CIRCUS,,,,,,,,,,,,,,,,,,,
Christmas tale,,,,,,,,,,,,,,,,,,,
Chefs,,,,,,,,,,,,,,,,,,,
castle chimbing frog,,,,,,,,,,,,,,,,,,,
Can You See What I See?Finders Keepers Game,,,,,,,,,,,,,,,,,,,
Bugs Galllry,,,,,,,,,,,,,,,,,,,
BUGS,,,,,,,,,,,,,,,,,,,
BEVERBENDE,,,,,,,,,,,,,,,,,,,
Bert Bever,,,,,,,,,,,,,,,,,,,
Ballons,,,,,,,,,,,,,,,,,,,
Backyard Builders Treehouse,,,,,,,,,,,,,,,,,,,
Ali,,,,,,,,,,,,,,,,,,,
Alacadamo,,,,,,,,,,,,,,,,,,,
Adventskalender,,,,,,,,,,,,,,,,,,,
驢橋,90009,,,,,1490,1490,894,,,1,1,,,,,,,
靈能偵探,280136,,,,,1280,1280,768,,,1,1,,,,,,,
靈光同線,244992,,,,,450,450,270,,,1,1,,,,,,,
驚爆倫敦 危機進化,231748,,,,,590,590,354,,,1,1,,,,,,,
驚爆倫敦 (主/中文),236217,,,,,650,650,390,,,1,2,,,,,,,
驚爆倫敦 (主/中文),,,,,,,,,,,,,,,,,,,
驚魂星期五,192927,,,,,1890,1890,1134,,,1,1,,,,,,,
變臉魔方,241492,,,,,640,640,384,,,1,1,,,,,,,
變色龍,5782,,,,,500,500,300,,,1,2,,,,,,,
變色龍,,,,,,,,,,,,,,,,,,,
籤籤入扣,204734,,,,,890,890,534,,,1,1,,,,,,,
歡樂彈跳球:進階搖滾版 ,214276,,,,,899,999,400,,,1,1,,,,,,,
歡迎來到地下城(外文版),150312,,,,,680,680,408,,,1,1,,,,,,,
歡迎來到,233867,,,,,850,850,510,,,1,1,,,,,,,
歡迎回到地下城 (主/中文),195043,,,,,690,690,414,,,1,1,,,,,,,
權力的遊戲 :卡坦 (主/中文),229218,,,,,3200,3200,1920,,,1,1,,,,,,,
黯影魔城,205542,,,,,200,200,120,,,1,1,,,,,,,
魔城馬車黑暗預言擴充,131452,,,,,490,490,294,,,1,1,,,,,,,
魔城馬車,168839,,,,,590,590,354,,,1,1,,,,,,,
魔法廚房,166510,,,,,1300,1300,780,,,1,1,,,,,,,
魔法賓果,300936,,,,,690,690,420,,,1,1,,,,,,,
魔法秘笈,391834,,,,,1050,1050,630,,,1,1,,,,,,,
魔戒擴充:暗影之路,299597,,,,,2750,2750,1650,,,1,1,,,,,,,
魔戒：中洲征途 - 黑暗中的棲身者擴充 (擴/ 中文),316630,,,,,750,750,450,,,1,1,,,,,,,
魔戒: 中洲征途 (主/中文),269385,,,,,3490,3490,2094,,,1,1,,,,,,,
霹靂投石車,310789,,,,,1280,1280,768,,,1,2,Traditional Chinese edition,https://cf.geekdo-images.com/RZolzx6FNWrbyYv3AJPmDQ__small@2x/img/Q05y8v-59OZj4XjVHlJ-pBU5Q9w=/fit-in/400x300/filters:strip_icc()/pic7216139.jpg,642394,,,,
霹靂投石車,,,,,,,,,,,,,,,,,,,
鐵道任務 歐洲 (主/中文),14996,,,,,1650,1650,990,,,1,1,,,,,,,
鐵道任務 美國 (主/中文),9209,,,,,1650,1650,990,,,1,1,Traditional Chinese edition,https://cf.geekdo-images.com/K0ADX2pEftW_GzO6FECDWg__small@2x/img/gi_K4q_HI-8ZPUl_We3XEDXGy1A=/fit-in/400x300/filters:strip_icc()/pic3089350.jpg,486432,,,,
蘇格蘭特警,438,,,,,1800,1800,1080,,,1,1,Chinese edition,https://cf.geekdo-images.com/OQN5djW-SB3cTjMxP5BorA__small@2x/img/hP4j3DEtSXzAsWA5iGd9aDZWk-Q=/fit-in/400x300/filters:strip_icc()/pic8935030.jpg,617304,,,,
繽紛對決,,,,,,,,,,,,,,,,,,,
寶藏台灣,,,,,,,,,,,,,,,,,,,
寶石獵人,,,,,,,,,,,,,,,,,,,
寶石陣豪華版（2016年版）,,,,,,,,,,,,,,,,,,,
寶石陣,,,,,,,,,,,,,,,,,,,
韻腳對對,,,,,,,,,,,,,,,,,,,
韻腳對對,,,,,,,,,,,,,,,,,,,
辭彙捕手 中文版,,,,,,,,,,,,,,,,,,,
蟹霸王,,,,,,,,,,,,,,,,,,,
臘腸狗,,,,,,,,,,,,,,,,,,,
繪聲繪影,,,,,,,,,,,,,,,,,,,
瓊漿,,,,,,,,,,,,,,,,,,,
爆珠發明,246192,,,,,1080,1080,648,,,1,1,,https://cf.geekdo-images.com/h4hp3ssq0sYK-XrHVPli-w__small@2x/img/fX50irGSZVZjzidstgWhhAJeO6M=/fit-in/400x300/filters:strip_icc()/pic4323588.png,423216,,,,
爆炸貓(18禁版本),,,,,,,,,,,,,,,,,,,
爆炸貓,,,,,,,,,,,,,,,,,,,
爆肝大作戰,,,,,,,,,,,,,,,,,,,
龐氏騙局,180899,,,,,1500,1500,900,,,1,1,,https://cf.geekdo-images.com/erI19kvOG0wMIti6U-pK7g__small@2x/img/UMYCMalt5emoDTwqYjGAF6YxdGo=/fit-in/400x300/filters:strip_icc()/pic3468123.jpg,396354,,,,
寵物PETS,,,,,,,,,,,,,,,,,,,
鯊魚警報,32968,,,,,490,490,294,,,1,1,,https://cf.geekdo-images.com/vyouNxp_AKyhO2_towbF-A__small@2x/img/WKWurgPM_I-gAyV3aZQolj8NMiI=/fit-in/400x300/filters:strip_icc()/pic2598882.png,280022,,,,
鯊魚來襲,130556,,,,,590,590,354,,,1,1,,,,,,,
鯊口餘生:鐵盒,,,,,,,,,,,,,,,,,,,
鯊口餘生,30539,,,,,490,490,294,,,1,2,,https://cf.geekdo-images.com/MwCLB3od8VC_jWveHj92wA__small@2x/img/qvgECaOWLA8YlTX8rGYqTgWvgtE=/fit-in/400x300/filters:strip_icc()/pic5531445.jpg,174457,,,,
鯊口餘生,,,,,,,,,,,,,,,,,,,
顏色幾何形狀學習盒5in1,,,,,,,,,,,,,,,,,,,
雙重邏輯x組合對應,,,,,,,,,,,,,,,,,,,
雙胞胎 (主/中文),121041,,,,,1050,1050,630,,,1,1,,https://shoplineimg.com/57fba1b061706917080d8c00/59bbd892d4e3959f8300042c/800x.webp?source_format=jpg,,,,,
醬爆商人,,,,,,,,,,,,,,,,,,,
轉轉謎方,,,,,,,,,,,,,,,,,,,
蹦蹦蛙,341914,,,,,390,390,234,,,1,2,,https://cf.geekdo-images.com/OaVyKQ11J8gEX6tkc8CQww__small@2x/img/CrPn0L14FvJf-GACATGif2EvFao=/fit-in/400x300/filters:strip_icc()/pic7141202.jpg,636998,,,,
蹦蹦蛙,,,,,,,,,,,,,,,,,,,
蹦蹦兔,,,,,,,,,,,,,,,,,,,
蟲蟲燒烤派對,15818,,,,,790,790,474,,,1,1,,https://cf.geekdo-images.com/eyEhxVxHqNPSDkIYvbe1tg__small@2x/img/teG02EBtCEOacmSeYD9SkTFmhog=/fit-in/400x300/filters:strip_icc()/pic3087622.jpg,517126,,,,
蟲蟲數字1~10,,,,,,,,,,,,,,,,,,,
蟲蟲蜂房,2655,,,,,850,850,510,,,1,1,,https://cf.geekdo-images.com/aijsHnfjKgQ8rGyy1dI2Dg__small@2x/img/g6TvodMpcn2JGiLioQp4ZmYL_1s=/fit-in/400x300/filters:strip_icc()/pic4160838.jpg,333494,,,,
蟲蟲密碼,165796,,,,,490,490,294,,,1,1,,https://cf.geekdo-images.com/GRyGispzXAJ_NUP1MuAfEQ__small@2x/img/By9LaY9muz7RPVhtW_W_iaEzAhQ=/fit-in/400x300/filters:strip_icc()/pic5531430.jpg,517779,,,,
蟲蟲拍拍,,,,,,,,,,,,,,,,,,,
藍月秘境:傳說,,,,,,,,,,,,,,,,,,,
薩凡娜公園,339484,,,,,1350,1350,810,,,1,1,,https://cf.geekdo-images.com/0-VWzSBT2i8AdoKDS-Q1mA__small@2x/img/Xl-SynPJfHB2xMU79nFzS59FI5k=/fit-in/400x300/filters:strip_icc()/pic6502068.png,587276,,,,
翻轉旅程,,,,,,,,,,,,,,,,,,,
翻轉大稻埕,,,,,,,,,,,,,,,,,,,
翻閱朝廷,,,,,,,,,,,,,,,,,,,
翻滾路易,,,,,,,,,,,,,,,,,,,
禮物方塊,,,,,,,,,,,,,,,,,,,
禮物,,,,,,,,,,,,,,,,,,,
獵巫鎮 1692 (主/中文),175549,,,,,850,850,510,,,1,2,,https://bghut.com/images/201810/goods_img/7045_P_1539475008931.JPG,,,,,
獵巫鎮 1692 (主/中文),,,,,,,,,,,,,,,,,,,
瀑布淘金客,13308,,,,,2000,2000,1200,,,1,1,,https://cf.geekdo-images.com/0bDccG2vXk5X1_bcJ0G4_Q__small@2x/img/56WsWdjkDszUvlL6Tw9LNtlvErk=/fit-in/400x300/filters:strip_icc()/pic3089193.jpg,517748,,,,
叢林智慧棋,201006,,,,,900,900,540,,,1,1,,https://cf.geekdo-images.com/uT84-aecpR6hKzwi1OExhw__small@2x/img/Rdd9cYnRjUK5_3p68G8SRck-UzQ=/fit-in/400x300/filters:strip_icc()/pic5450727.png,510878,,,,
叢林野宴（附Promo卡）,130907,,,,,490,490,294,,,1,1,,https://cf.geekdo-images.com/Z1ym7D-3eQO-CW7WvDHs-w__small/img/gmaYjyCxN8l3peRVQzHH04mYiMM=/fit-in/200x150/filters:strip_icc()/pic1703069.jpg,212943,,,,`
叢林探險 (主/中文),,,,,,,,,,,,,,,,,,,
叢林爭霸戰,,,,,,,,,,,,,,,,,,,
齋普爾商人,,,,,,,,,,,,,,,,,,,
點子狂想,,,,,,,,,,,,,,,,,,,
黏黏變色龍 (中文版),,,,,,,,,,,,,,,,,,,
鍛骰物語 (主/中文),194594,,,,,1400,1400,840,,,1,1,,https://cf.geekdo-images.com/4BTVGQWO0M9ayxyku3FW6Q__small@2x/img/CgXdrnqqO6Jt8R_cyUHcEbUrY3g=/fit-in/400x300/filters:strip_icc()/pic3477004.jpg,365783,,,,
醜娃娃,,,,,,,,,,,,,,,,,,,
還試好遊戲,42448,,,,,599,599,360,,,1,1,,https://bghut.com/images/202007/goods_img/8393_G_1593838153041.jpg,,,,,
賽豬俱樂部,485,,,,,490,490,294,,,1,3,,https://cf.geekdo-images.com/NwefFi7gYExQOwtYkRVZIg__small@2x/img/I4lWeSfH-syqCS0SMw7tapifgco=/fit-in/400x300/filters:strip_icc()/pic2401263.png,265796,,,,
賽豬俱樂部,,,,,,,,,,,,,,,,,,,
賽豬俱樂部,,,,,,,,,,,,,,,,,,,
賽馬大亨,351040,,,,,1600,1600,960,,,1,1,,https://cf.geekdo-images.com/iMz-jlMj_-VtDzwrxtR7pw__small@2x/img/bVZ9_Trt1-AHnWBUZzO9qox9oNI=/fit-in/400x300/filters:strip_icc()/pic7467747.png,657513,,,,
購物小達人,,,,,,,,,,,,,,,,,,,
蟑螂捕手,137909,,,,,1650,1650,990,,,1,2,,https://cf.geekdo-images.com/VulTMYesrtYhZbL3aqTRkA__small@2x/img/AZJvza5XZ2XUGhok_Kk6uuj5ii8=/fit-in/400x300/filters:strip_icc()/pic2598902.png,280025,,,,
蟑螂捕手,,,,,,,,,,,,,,,,,,,
蟑螂沙拉,,,,,,,,,,,,,,,,,,,
薑餅人王國,359009,,,,,1190,1190,714,,,1,1,,https://cf.geekdo-images.com/dbUiEzam0DTdV_rO6dhTvA__small@2x/img/sJQOrErgmUcNdRI5rKceZu9IhbE=/fit-in/400x300/filters:strip_icc()/pic6977896.png,603904,,,,
聰明餅乾,,,,,,,,,,,,,,,,,,,
縱橫股海,161614,,,,,1400,1400,840,,,1,1,,https://cf.geekdo-images.com/jEwIBYVRHCqWkQpWerV2Wg__small@2x/img/_J905RwcsOd1UnVqWZYKeoEfPxI=/fit-in/400x300/filters:strip_icc()/pic3067380.jpg,315674,,,,
環遊台灣,,,,,,,,,,,,,,,,,,,
環遊世界八十天,204599,,,,,1300,1300,780,,,1,1,,https://bghut.com/images/201612/goods_img/5849_G_1482724638160.jpg,,,,,
獴鷲派對,175,,,,,290,290,174,,,1,3,,https://cf.geekdo-images.com/JXZFFuM2UW6eg_UJHmENjg__small@2x/img/Q9mh-R-4dh_NqdFafUSOlyGgxgE=/fit-in/400x300/filters:strip_icc()/pic4575449.jpg,444948,,,,
獴鷲派對,,,,,,,,,,,,,,,,,,,
獴鷲派對,,,,,,,,,,,,,,,,,,,
龜兔賽跑 (主/中文),,,,,,,,,,,,,,,,,,,
龜兔賽跑 (主/中文),,,,,,,,,,,,,,,,,,,
龜兔賽跑 (主/中文),,,,,,,,,,,,,,,,,,,
龍龍公園,264055,,,,,750,750,450,,,1,1,,https://cf.geekdo-images.com/qh-prKwTMJ1F3qTRTIbujQ__small@2x/img/2mS00AuVVRLvAgtISO22-RtXesU=/fit-in/400x300/filters:strip_icc()/pic6726030.png,602572,,,,
龍骰格鬥,,,,,,,,,,,,,,,,,,,
龍的寶物,,,,,,,,,,,,,,,,,,,
龍牙勇者,,,,,,,,,,,,,,,,,,,
龍牙勇者,,,,,,,,,,,,,,,,,,,
龍牙勇者,139627,,,,,590,590,354,,,1,8,,https://bghut.com/images/201703/goods_img/4296_G_1490167581789.jpg,,,,,
龍牙勇者,,,,,,,,,,,,,,,,,,,
龍牙勇者,,,,,,,,,,,,,,,,,,,
龍牙勇者,,,,,,,,,,,,,,,,,,,
龍牙勇者,,,,,,,,,,,,,,,,,,,
龍牙勇者,,,,,,,,,,,,,,,,,,,
鴨飛狗跳,,,,,,,,,,,,,,,,,,,
駱駝大賽2020年版,260605,,,,,1350,1350,610,,,1,1,,https://cf.geekdo-images.com/_VGX0L0SkLdK9UxWrs7tOw__small@2x/img/RbeYvYFF-oJP_5DGIuFxoehnmyA=/fit-in/400x300/filters:strip_icc()/pic5510181.jpg,516703,,,,
駱駝大賽（僅供套組販售）,,,,,,,,,,,,,,,,,,,
頭等艙列車,206941,,,,,1490,1490,894,,,1,1,,https://cf.geekdo-images.com/M2lr-Q4cc6n5J7MW8lC4kQ__small@2x/img/cqb7GZLsPvssCkAMkqbgc_y0oUI=/fit-in/400x300/filters:strip_icc()/pic4773842.jpg,459398,,,,
鋼鐵戰士,,,,,,,,,,,,,,,,,,,
鋼鐵與火藥:文藝復興,,,,,,,,,,,,,,,,,,,
鋼鐵與火藥,,,,,,,,,,,,,,,,,,,
鋼鐵與火藥,,,,,,,,,,,,,,,,,,,
鋼鐵與火藥,,,,,,,,,,,,,,,,,,,
遺產爭奪戰(貴婦的遺產),209220,,,,,1280,1280,768,,,1,1,,https://cf.geekdo-images.com/c7XYbY5L2Kg-QAQP2daE4A__small@2x/img/Cvvk7idn03cRqcs08say5yl7mv8=/fit-in/400x300/filters:strip_icc()/pic4229311.jpg,414329,,,,
遵命！黑魔王,18723,,,,,690,690,414,,,1,1,,https://cf.geekdo-images.com/PjENQ-XWCdV-gMiLzeEuEw__small@2x/img/2mrXSyqOGHFJRXgQ-ZNwXOz3Ok4=/fit-in/400x300/filters:strip_icc()/pic5510354.jpg,516835,,,,
辦公室達人,,,,,,,,,,,,,,,,,,,
貓貓食堂,,,,,,,,,,,,,,,,,,,
貓街,,,,,,,,,,,,,,,,,,,
貓捉老鼠,,,,,,,,,,,,,,,,,,,
貓和老鼠,,,,,,,,,,,,,,,,,,,
貓吃3辣,,,,,,,,,,,,,,,,,,,
貓吃3辣,299169,,,,,490,490,294,,,1,2,,https://cf.geekdo-images.com/xfoUlBIIgzy5-tMZ_jEvsQ__small@2x/img/ise6fDlQREKa7uO67JJAizrc5_8=/fit-in/400x300/filters:strip_icc()/pic5632214.jpg,525015,,,,
謀殺之謎:嫌犯遊戲,,,,,,,,,,,,,,,,,,,
諾亞方舟,,,,,,,,,,,,,,,,,,,
諾亞方舟,,,,,,,,,,,,,,,,,,,
諾丁漢警長,157969,,,,,1350,1350,810,,,1,1,,https://cf.geekdo-images.com/Ooy1E4iddgSBzpGDaAKTNw__small@2x/img/Xtv8Eqw3FE8B-F4yLPfVQxPnkoo=/fit-in/400x300/filters:strip_icc()/pic2596649.jpg,280192,,,,
螞蟻與蚱蜢,,,,,,,,,,,,,,,,,,,
積多寶,,,,,,,,,,,,,,,,,,,
穆拉諾-光影大師,341256,,,,,1350,1350,810,,,1,1,,https://bghut.com/images/202204/goods_img/9845_G_1650853245533.jpg,,,,,
瓢蟲彩妝宴,,,,,,,,,,,,,,,,,,,
獨家暗語 (主/中文),254640,,,,,850,850,510,,,1,1,,https://img.gokids.com.tw/GoodPic/50/big/17400395458850.png,,,,,
獨家專輯 (主/中文),366067,,,,,750,750,450,,,1,1,,https://cf.geekdo-images.com/UZBzGHiV8N8mhBS37xlExA__small@2x/img/5M_Fmq9SoFmMqY3JipD-e0TppAM=/fit-in/400x300/filters:strip_icc()/pic7094758.png,633698,,,,
獨角獸莉莉 (主/中文),,,,,,,,,,,,,,,,,,,
獨角獸莉莉 (主/中文),,,,,,,,,,,,,,,,,,,
獨角獸莉莉 (主/中文),,,,,,,,,,,,,,,,,,,
燒錢計畫,3341,,,,,590,590,354,,,1,1,,https://cf.geekdo-images.com/3QEfHHoXwDB4CCbjIFXNnw__small@2x/img/FAcJYVoy1rN01UAHGJdBdgoKRuw=/fit-in/400x300/filters:strip_icc()/pic1661253.jpg,209400,,,,
燒杯博士,218637,,,,,990,990,594,,,1,1,,https://cf.geekdo-images.com/JC_YWJVef9DC8EepUWCkXg__small@2x/img/VK9XjCWKehtkD_xdJvK7KsA5u-w=/fit-in/400x300/filters:strip_icc()/pic3803198.png,374467,,,,
燒杯博士,,,,,,,,,,,,,,,,,,,
機智新星,,,,,,,,,,,,,,,,,,,
機密代號:裡應外合,224037,,,,,780,780,468,,,1,1,,https://bghut.com/images/201805/goods_img/6813_G_1526909339697.jpg,,,,,
機密代號:有圖有真相,198773,,,,,780,780,468,,,1,1,,https://bghut.com/images/201805/goods_img/6812_G_1526908633572.jpg,,,,,
機密代號,178900,,,,,780,780,468,,,1,1,,https://cf.geekdo-images.com/isfQxtHhFMdUHEfEHIQ5Kw__small@2x/img/4MuKaSkZ7fXPVlvnGZPb6S3DJso=/fit-in/400x300/filters:strip_icc()/pic3693575.png,364470,,,,
機密代號,,,,,,,,,,,,,,,,,,,
戰國時代,28086,,,,,500,500,300,,,1,1,,https://wobgames.net/wp-content/uploads/2020/08/ageofwar-boardgame-430x430.png,,,,,
齒輪對決組,,,,,,,,,,,,,,,,,,,
齒輪對決組,,,,,,,,,,,,,,,,,,,
齒輪對決組,,,,,,,,,,,,,,,,,,,
齒輪對決組,,,,,,,,,,,,,,,,,,,
魷魚遊戲,367512,,,,,990,990,594,,,1,1,,https://img.gokids.com.tw/GoodPic/07/big/165836675919707.png,,,,,
骷髏牌 (主/中文),92415,,,,,750,750,450,,,1,1,,https://cf.geekdo-images.com/4a1fxiaT4TZgBppBeoPxAQ__small@2x/img/hI7E6eTfUUbvl1-E_bxwyIcd6n4=/fit-in/400x300/filters:strip_icc()/pic5940634.jpg,548683,,,,
靠背畫家,,,,,,,,,,,,,,,,,,,
醉不可能的任務,,,,,,,,,,,,,,,,,,,
輝煌的羅倫佐,203993,,,,,1890,1890,1134,,,1,1,,https://cf.geekdo-images.com/lttmtIkphkYVVRTb9eyxvg__small@2x/img/IX6v8F7hSOQpAwJC3eUQZ4WhvTQ=/fit-in/400x300/filters:strip_icc()/pic5134786.jpg,355961,,,,
賭命大賽,179245,,,,,690,690,414,,,1,1,,https://cf.geekdo-images.com/hSUYEp0Yvuu1548ScuKIvg__small@2x/img/UttYApXXPNvTt5ig1Bze-GZJTBs=/fit-in/400x300/filters:strip_icc()/pic4918688.png,412048,,,,
豬朋狗友之黑仔阿羊,,,,,,,,,,,,,,,,,,,
豬朋狗友-豚營,,,,,,,,,,,,,,,,,,,
豬朋狗友-犬營,,,,,,,,,,,,,,,,,,,
豌豆公主,,,,,,,,,,,,,,,,,,,
請上車,347013,,,,,990,990,594,,,1,1,,https://cf.geekdo-images.com/utnKBfODjp-K6bkoOk_QFQ__small@2x/img/LW0Ua8J_oEcD_0FT5HGI7vIWLR8=/fit-in/400x300/filters:strip_icc()/pic6927361.png,609324,,,,
調色盤本色,,,,,,,,,,,,,,,,,,,
調色盤本色,,,,,,,,,,,,,,,,,,,
誰是放屁王,,,,,,,,,,,,,,,,,,,
誰是牛頭王25週年版,268586,,,,,590,590,354,,,1,1,,https://cf.geekdo-images.com/LkxKan1f2bMiARa8Nb72Uw__small@2x/img/NLsD_lxVAIq8VvtWZLVdz6XnpFU=/fit-in/400x300/filters:strip_icc()/pic5951163.jpg,549798,,,,
誰來讓我靠,,,,,,,,,,,,,,,,,,,
衝鋒計程車,,,,,,,,,,,,,,,,,,,
衝向黃金城,,,,,,1700,1700,1020,,,1,1,,https://cf.geekdo-images.com/mFLy85sQwRkZTM7oEsWM0Q__small@2x/img/UIjGAAnq9-l_D16eY6w3VOh5XHM=/fit-in/400x300/filters:strip_icc()/pic6243309.png,568755,,,,
蝸牛賽車場,,,,,,,,,,,,,,,,,,,
蓮花 (主/中文),,,,,,,,,,,,,,,,,,,
糊塗動畫室,,,,,,,,,,,,,,,,,,,
瞎掰王SDGS,383053,,,,,690,690,414,,,1,1,,https://bghut.com/images/202406/goods_img/11555_G_1717973478608.jpg,,,,,
瞎掰王,383053,,,,,1080,1080,648,,,1,2,,https://cf.geekdo-images.com/3srTjQxHARVUQ_0W9rWvoA__imagepage/img/Fu4C4TX0KfUrBaK6hjIqC1Q1PKE=/fit-in/900x600/filters:no_upscale():strip_icc()/pic8357487.jpg,724273,,,,
瞎掰王,,,,,,,,,,,,,,,,,,,
瞎掰王,,,,,,,,,,,,,,,,,,,
瘟疫危機,,,,,,,,,,,,,,,,,,,
璀璨寶石擴充: 璀璨之城 (擴/中文),220653,,,,,1350,1350,810,,,1,2,,https://cf.geekdo-images.com/qGFT4WFD86zTBROTQZiErg__imagepage/img/99zlNEy_ktFlYN1Arzxjd2Z0IjU=/fit-in/900x600/filters:no_upscale():strip_icc()/pic4480086.jpg,436029,,,,
璀璨寶石初版,,,,,,,,,,,,,,,,,,,
璀璨寶石+城市擴充套組,,,,,,,,,,,,,,,,,,,
璀璨寶石:寶可夢,406291,,,,,2160,2160,1320,,,1,1,,,,,,,
璀璨寶石: 漫威 (主/中文),293296,,,,,1590,1590,954,,,1,1,Traditional Chinese edition,https://cf.geekdo-images.com/bTTwxCpTpIkIRG4bXUv73w__imagepage/img/hnoLVndgq3oFOGdBj5Gaq3L2RoU=/fit-in/900x600/filters:no_upscale():strip_icc()/pic7089383.jpg,633404,,,,
璀璨寶石 雙人版,,,,,,,,,,,,,,,,,,,
璀璨寶石 (主/中文),148228,,,,,1400,1400,840,,,1,2,GoKid Chinese edition,https://cf.geekdo-images.com/aEipdIPyNfuveSmdV_h8JQ__imagepage/img/4CCsJSmE9QOGUIjdmchUDA3vOgU=/fit-in/900x600/filters:no_upscale():strip_icc()/pic2313795.jpg,259826,,,,
熱氣球高塔,,,,,,,,,,,,,,,,,,,
歐盟議會,,,,,,,,,,,,,,,,,,,
歐汀的烏鴉,,,,,,,,,,,,,,,,,,,
模仿犯：誰是諾拉,,,,,,,,,,,,,,,,,,,
樂可多:綠版,,,,,,,,,,,,,,,,,,,
數獨入門,,,,,,,,,,,,,,,,,,,
數獨入門,,,,,,,,,,,,,,,,,,,
數感傳奇:格勒特尼的冰霜龍,,,,,,,,,,,,,,,,,,,
數量認知對應,,,,,,,,,,,,,,,,,,,
數來堡,,,,,,,,,,,,,,,,,,,
數字戰爭,,,,,,,,,,,,,,,,,,,
數字急轉彎,,,,,,,,,,,,,,,,,,,
數字急轉彎,,,,,,,,,,,,,,,,,,,
數字急轉彎,,,,,,,,,,,,,,,,,,,
數字急轉彎,,,,,,,,,,,,,,,,,,,
數字急轉彎,,,,,,,,,,,,,,,,,,,
數字急轉彎,,,,,,,,,,,,,,,,,,,
數字急轉彎,,,,,,,,,,,,,,,,,,,
數字急轉彎,,,,,,,,,,,,,,,,,,,
數字急轉彎,,,,,,,,,,,,,,,,,,,
數字火車,,,,,,,,,,,,,,,,,,,
數字大格鬥,,,,,,,,,,,,,,,,,,,
數字九乘塔 (主/中文),217449,,,,,990,990,594,,,1,4,,https://cf.geekdo-images.com/T27pOSV4o3HlFPSibHFWUA__small@2x/img/ap_HeWFrqTlfRAtcN3w0P9DqouA=/fit-in/400x300/filters:strip_icc()/pic3884764.jpg,387139,,,,
數字九乘塔 (主/中文),,,,,,,,,,,,,,,,,,,
數字九乘塔 (主/中文),,,,,,,,,,,,,,,,,,,
數字九乘塔 (主/中文),,,,,,,,,,,,,,,,,,,
撰寫文明史,,,,,,,,,,,,,,,,,,,
德國蟑螂皇家版,,,,,,,,,,,,,,,,,,,
德國蟑螂（2017年版）,,,,,,,,,,,,,,,,,,,
德國蟑螂:泰文版,,,,,,,,,,,,,,,,,,,
德國心臟病:加重版,,,,,,,,,,,,,,,,,,,
德國心臟病,,,,,,,,,,,,,,,,,,,
德國心臟病,,,,,,,,,,,,,,,,,,,
彈跳兔兔,,,,,,,,,,,,,,,,,,,
彈指賽車,150,,,,,2550,2550,1530,,,1,2,,,,,,,
彈指賽車,,,,,,,,,,,,,,,,,,,
嘿！我的魚！,,,,,,,,,,,,,,,,,,,
嘩啦啦真痛快,170041,,,,,390,390,240,,,1,2,Chinese/English edition,https://boardgamegeek.com/image/2616068/splash,281191,,,,
嘩啦啦真痛快,,,,,,,,,,,,,,,,,,,
鼻畫大師,,,,,,,,,,,,,,,,,,,
骰戰奪寶,,,,,,,,,,,,,,,,,,,
骰子鎮(2017年版),,,,,,,,,,,,,,,,,,,
骰子算算,,,,,,,,,,,,,,,,,,,
骰子算算,,,,,,,,,,,,,,,,,,,
骰子街+百萬富翁擴充+港口擴充,,,,,,,,,,,,,,,,,,,
骰子街 (主/中文),,,,,,,,,,,,,,,,,,,
骰子工廠,,,,,,,,,,,,,,,,,,,
颱風不要來,,,,,,,,,,,,,,,,,,,
輕鬆放,128,,,,,1090,1090,654,,,1,3,,https://cf.geekdo-images.com/aoH0KLMXtBo7-AnHx6wceg__small@2x/img/o1hcy71-5PyWZOKRQafURwqyH78=/fit-in/400x300/filters:strip_icc()/pic3089347.jpg,,,,,
輕鬆放,,,,,,,,,,,,,,,,,,,
輕鬆放,,,,,,,,,,,,,,,,,,,
說謊小八,162915,,,,,,,,,,,,,,,,,,
說夢人(主/中文),,,,,,,,,,,,,,,,,,,
語破天機 兒童版 (主/中文),,,,,,,,,,,,,,,,,,,
語破天機 (主/中文),,,,,,,,,,,,,,,,,,,
認清你的朋友,,,,,,,,,,,,,,,,,,,
認知觀察對應,,,,,,,,,,,,,,,,,,,
蜜蜂特攻隊(桌遊+繪本),,,,,,,,,,,,,,,,,,,
蜜蜂物語,,,,,,,,,,,,,,,,,,,
舞動魔咒,,,,,,,,,,,,,,,,,,,
綿羊爭牧場,,,,,,,,,,,,,,,,,,,
綿羊爭牧場,,,,,,,,,,,,,,,,,,,
維京襲來,,,,,,,,,,,,,,,,,,,
精靈國度豪華版,,,,,,,,,,,,,,,,,,,
精靈捕手,,,,,,,,,,,,,,,,,,,
精靈的惡作劇,,,,,,,,,,,,,,,,,,,
精彩馬戲團,,,,,,,,,,,,,,,,,,,
精彩馬戲團,,,,,,,,,,,,,,,,,,,
種豆,,,,,,,,,,,,,,,,,,,
福爾摩斯鷹眼,,,,,,,,,,,,,,,,,,,
福爾摩斯探案集第二輯：實驗室危機,,,,,,,,,,,,,,,,,,,
福爾摩斯探案集第二輯：黑幫風雲,,,,,,,,,,,,,,,,,,,
福爾摩斯探案集第二輯：珠寶劫案,,,,,,,,,,,,,,,,,,,
福爾摩斯探案集第一輯：最後召集,,,,,,,,,,,,,,,,,,,
福爾摩斯探案集第一輯：莊園殺機,,,,,,,,,,,,,,,,,,,
福爾摩斯探案集,,,,,,,,,,,,,,,,,,,
福爾摩斯大對決,,,,,,,,,,,,,,,,,,,
磁石魔法迷宮,,,,,,,,,,,,,,,,,,,
磁石魔法迷宮,,,,,,,,,,,,,,,,,,,
磁石魔法迷宮,,,,,,,,,,,,,,,,,,,
瘋狂爆爆糖,,,,,,,,,,,,,,,,,,,
瘋狂爆爆糖,,,,,,,,,,,,,,,,,,,
瘋狂爆爆8,,,,,,,,,,,,,,,,,,,
瘋狂爆爆8,,,,,,,,,,,,,,,,,,,
瘋狂爆爆8,,,,,,,,,,,,,,,,,,,
瘋狂爆爆8,,,,,,,,,,,,,,,,,,,
瘋狂農場,,,,,,,,,,,,,,,,,,,
瘋狂詭宅: 驚魂之旅(擴/中文),,,,,,,,,,,,,,,,,,,
瘋狂詭宅 第二版(主/中文),,,,,,,,,,,,,,,,,,,
瘋狂假面聯盟,,,,,,,,,,,,,,,,,,,
瘋狂桌遊店,,,,,,,,,,,,,,,,,,,
瘋狂科學家,,,,,,,,,,,,,,,,,,,
瘋狂科學家,,,,,,,,,,,,,,,,,,,
瘋狂科學家,,,,,,,,,,,,,,,,,,,
瘋狂建築師,,,,,,,,,,,,,,,,,,,
瘋狂地下城,,,,,,,,,,,,,,,,,,,
瘋狂巨著,,,,,,,,,,,,,,,,,,,
瘋狂山脈,,,,,,,,,,,,,,,,,,,
蒸蒸日上(豪華版)+迷你擴充,,,,,,,,,,,,,,,,,,,
蒸氣,27833,,,,,800,800,500,,,1,,,,,,,,
熊熊公園 (主/中文),,,,,,,,,,,,,,,,,,,
漫步普羅旺斯,,,,,,,,,,,,,,,,,,,
漢字傳說 部首篇,,,,,,,,,,,,,,,,,,,
漢字傳說,,,,,,,,,,,,,,,,,,,
演化論:物種起源,,,,,,,,,,,,,,,,,,,
歌劇魅影,,,,,,,,,,,,,,,,,,,
敲冰企鵝,,,,,,,,,,,,,,,,,,,
敲冰企鵝,,,,,,,,,,,,,,,,,,,
敲冰企鵝,,,,,,,,,,,,,,,,,,,
敲冰企鵝,,,,,,,,,,,,,,,,,,,
敲冰企鵝,,,,,,,,,,,,,,,,,,,
敲冰企鵝,,,,,,,,,,,,,,,,,,,
摺足先登,,,,,,,,,,,,,,,,,,,
截碼戰+光碟播放器擴充套組,,,,,,,,,,,,,,,,,,,
截碼戰 (主/中文),,,,,,,,,,,,,,,,,,,
幕後交易,,,,,,,,,,,,,,,,,,,
實話實說3,,,,,,,,,,,,,,,,,,,
實話實說,,,,,,,,,,,,,,,,,,,
察顏觀7,,,,,,,,,,,,,,,,,,,
察顏觀7,,,,,,,,,,,,,,,,,,,
夢想起飛,,,,,,,,,,,,,,,,,,,
夢想家園 (主/中文),,,,,,,,,,,,,,,,,,,
夢想人生,,,,,,,,,,,,,,,,,,,
圖靈解密,,,,,,,,,,,,,,,,,,,
圖騰快手:瘋狂雷曼兔,,,,,,,,,,,,,,,,,,,
圖騰快手,,,,,,,,,,,,,,,,,,,
圖形建構遊戲,,,,,,,,,,,,,,,,,,,
圖形夾子遊戲,,,,,,,,,,,,,,,,,,,
圖形夾子遊戲,,,,,,,,,,,,,,,,,,,
圖片對對樂,,,,,,,,,,,,,,,,,,,
鼠國英雄,,,,,,,,,,,,,,,,,,,
鼠國英雄,,,,,,,,,,,,,,,,,,,
電波畫家,,,,,,,,,,,,,,,,,,,
電車大亨,,,,,,,,,,,,,,,,,,,
電力公司2020版,,,,,,,,,,,,,,,,,,,
雷射迷宮,,,,,,,,,,,,,,,,,,,
過河拆橋,,,,,,,,,,,,,,,,,,,
農場動物疊疊樂,,,,,,,,,,,,,,,,,,,
農場動物疊疊樂,,,,,,,,,,,,,,,,,,,
農場早點名,,,,,,,,,,,,,,,,,,,
農場大亨,,,,,,,,,,,,,,,,,,,
農家樂2016版,,,,,,,,,,,,,,,,,,,
農家樂（2018年版）,,,,,,,,,,,,,,,,,,,
躲貓貓,,,,,,,,,,,,,,,,,,,
躲貓貓,,,,,,,,,,,,,,,,,,,
跳躍高塔,,,,,,,,,,,,,,,,,,,
跳舞小鵝,,,,,,,,,,,,,,,,,,,
跳跳猴大作戰,,,,,,,,,,,,,,,,,,,
跳跳猴大作戰,,,,,,,,,,,,,,,,,,,
跳跳猴大作戰,,,,,,,,,,,,,,,,,,,
跳跳猴大作戰,,,,,,,,,,,,,,,,,,,
跳跳棋 (主/中文),,,,,,,,,,,,,,,,,,,
跳跳棋 (主/中文),,,,,,,,,,,,,,,,,,,
跳跳棋 (主/中文),,,,,,,,,,,,,,,,,,,
跳出兔子坑,,,,,,,,,,,,,,,,,,,
資優生遊戲系列:彈跳拼圖,,,,,,,,,,,,,,,,,,,
資優生遊戲系列:彈跳拼圖,,,,,,,,,,,,,,,,,,,
資優生遊戲系列:老鼠與起司,,,,,,,,,,,,,,,,,,,
資優生遊戲系列:老鼠與起司,,,,,,,,,,,,,,,,,,,
詭影尋蹤,,,,,,,,,,,,,,,,,,,
詭秘莊園 (主/中文),,,,,,,,,,,,,,,,,,,
試個好遊戲,,,,,,,,,,,,,,,,,,,
裝龍作啞 (主/中文),,,,,,,,,,,,,,,,,,,
裝置譯述家,,,,,,,,,,,,,,,,,,,
葡萄酒莊園,,,,,,,,,,,,,,,,,,,
落筆為城,,,,,,,,,,,,,,,,,,,
腦洞量表,,,,,,,,,,,,,,,,,,,
腦洞量表,,,,,,,,,,,,,,,,,,,
聖經尋寶獵人,,,,,,,,,,,,,,,,,,,
聖家族大教堂,,,,,,,,,,,,,,,,,,,
聖胡安,,,,,,,,,,,,,,,,,,,
聖城尋寶,,,,,,,,,,,,,,,,,,,
聖彼得堡,,,,,,,,,,,,,,,,,,,
經典黑白棋,,,,,,,,,,,,,,,,,,,
經典黑白棋,,,,,,,,,,,,,,,,,,,
經典黑白棋,,,,,,,,,,,,,,,,,,,
萬國爭鋒,,,,,,,,,,,,,,,,,,,
碰撞機器人,,,,,,,,,,,,,,,,,,,
碰碰拉力賽,,,,,,,,,,,,,,,,,,,
矮人礦坑,,,,,,,,,,,,,,,,,,,
矮人礦坑,,,,,,,,,,,,,,,,,,,
矮人礦坑,,,,,,,,,,,,,,,,,,,
矮人骰子樂,,,,,,,,,,,,,,,,,,,
當個創世神：衝出地獄門,,,,,,,,,,,,,,,,,,,
當個創世神,,,,,,,,,,,,,,,,,,,
獅子剪髮大冒險,,,,,,,,,,,,,,,,,,,
煉金術士,,,,,,,,,,,,,,,,,,,
極簡大師,,,,,,,,,,,,,,,,,,,
極限一發,,,,,,,,,,,,,,,,,,,
極限一發,,,,,,,,,,,,,,,,,,,
椰子猴王,,,,,,,,,,,,,,,,,,,
暗影獵人,,,,,,,,,,,,,,,,,,,
暗影奇襲套組,,,,,,,,,,,,,,,,,,,
暗影奇襲,,,,,,,,,,,,,,,,,,,
新版甜蜜的家,,,,,,,,,,,,,,,,,,,
搶鈴詞王,,,,,,,,,,,,,,,,,,,
搶救派琪,,,,,,,,,,,,,,,,,,,
搶杯王,,,,,,,,,,,,,,,,,,,
搶尾刀,,,,,,,,,,,,,,,,,,,
搞笑瑜珈,,,,,,,,,,,,,,,,,,,
搞笑瑜珈,,,,,,,,,,,,,,,,,,,
搗蛋派對,,,,,,,,,,,,,,,,,,,
搖擺猴子,,,,,,,,,,,,,,,,,,,
搖擺青蛙,,,,,,,,,,,,,,,,,,,
搖滾節奏,,,,,,,,,,,,,,,,,,,
搖滾巫奇,,,,,,,,,,,,,,,,,,,
搖滾巫奇,,,,,,,,,,,,,,,,,,,
搖滾天團,,,,,,,,,,,,,,,,,,,
搖搖樹,,,,,,,,,,,,,,,,,,,
搜捕農場動物 (主/中文),,,,,,,,,,,,,,,,,,,
搜捕農場動物 (主/中文),,,,,,,,,,,,,,,,,,,
搜捕農場動物 (主/中文),,,,,,,,,,,,,,,,,,,
媽媽咪呀!,,,,,,,,,,,,,,,,,,,
奧法之戰,,,,,,,,,,,,,,,,,,,
奧林匹斯之戰,,,,,,,,,,,,,,,,,,,
奧地利大飯店,,,,,,,,,,,,,,,,,,,
塔樓,,,,,,,,,,,,,,,,,,,
塔雲軒,,,,,,,,,,,,,,,,,,,
圓樓,,,,,,,,,,,,,,,,,,,
園藝大師,,,,,,,,,,,,,,,,,,,
嗒寶,,,,,,,,,,,,,,,,,,,
傻傻玩2.0,,,,,,,,,,,,,,,,,,,
傻傻玩2.0,,,,,,,,,,,,,,,,,,,
傻傻玩2.0,,,,,,,,,,,,,,,,,,,
傻傻玩,,,,,,,,,,,,,,,,,,,
傳說的碎片,,,,,,,,,,,,,,,,,,,
傳情畫意:歡樂今宵,,,,,,,,,,,,,,,,,,,
傳情畫意,,,,,,,,,,,,,,,,,,,
傳情畫意,,,,,,,,,,,,,,,,,,,
傳情畫意,,,,,,,,,,,,,,,,,,,
黑骷髏島,,,,,,,,,,,,,,,,,,,
黑喵傑克,,,,,,,,,,,,,,,,,,,
黑羊與白羊,,,,,,,,,,,,,,,,,,,
黑羊與白羊,,,,,,,,,,,,,,,,,,,
黑死城 1350 精裝版 (主/中文),,,,,,,,,,,,,,,,,,,
黑白摺學,,,,,,,,,,,,,,,,,,,
黃牌,,,,,,,,,,,,,,,,,,,
黃牌,,,,,,,,,,,,,,,,,,,
黃金疊疊樂,,,,,,,,,,,,,,,,,,,
黃瓜五兄弟,,,,,,,,,,,,,,,,,,,
集垃日:擴充,,,,,,,,,,,,,,,,,,,
集垃日,,,,,,,,,,,,,,,,,,,
雄霸三國,,,,,,,,,,,,,,,,,,,
間諜危機2,,,,,,,,,,,,,,,,,,,
間諜危機,,,,,,,,,,,,,,,,,,,
間諜危機,,,,,,,,,,,,,,,,,,,
開膛手傑克擴充,,,,,,,,,,,,,,,,,,,
開膛手傑克:紐約,,,,,,,,,,,,,,,,,,,
開膛手傑克,,,,,,,,,,,,,,,,,,,
開心滑水梯樂園,,,,,,,,,,,,,,,,,,,
鈕鈕相扣,,,,,,,,,,,,,,,,,,,
量化寬鬆,,,,,,,,,,,,,,,,,,,
鄉勇 戴潮春傳奇,,,,,,,,,,,,,,,,,,,
進擊地下城,,,,,,,,,,,,,,,,,,,
跑跑龜,,,,,,,,,,,,,,,,,,,
跑跑龜,,,,,,,,,,,,,,,,,,,
跑跑龜,,,,,,,,,,,,,,,,,,,
跑跑龜,,,,,,,,,,,,,,,,,,,
跑跑蛙！,,,,,,,,,,,,,,,,,,,
超激鬪宇宙摔角王,,,,,,,,,,,,,,,,,,,
超激鬪宇宙摔角王,,,,,,,,,,,,,,,,,,,
超激鬪宇宙摔角王,,,,,,,,,,,,,,,,,,,
超級犀牛終極對戰,,,,,,,,,,,,,,,,,,,
超級犀牛,,,,,,,,,,,,,,,,,,,
超級任務(桌遊+繪本),,,,,,,,,,,,,,,,,,,
貴婦的遺產 (主/中文),,,,,,,,,,,,,,,,,,,
詞彙捕手英文達人版,,,,,,,,,,,,,,,,,,,
詐賭巫師,,,,,,,,,,,,,,,,,,,
著色快手,,,,,,,,,,,,,,,,,,,
萌鼠摘月,,,,,,,,,,,,,,,,,,,
給我餅乾,,,,,,,,,,,,,,,,,,,
絕谷戰士,,,,,,,,,,,,,,,,,,,
結印魔法師,,,,,,,,,,,,,,,,,,,
童話迷蹤,,,,,,,,,,,,,,,,,,,
童話迷蹤,,,,,,,,,,,,,,,,,,,
盜夢都市:精裝版,,,,,,,,,,,,,,,,,,,
畫外之意,,,,,,,,,,,,,,,,,,,
畫中有話,,,,,,,,,,,,,,,,,,,
猩猩相色,,,,,,,,,,,,,,,,,,,
猩猩相色,,,,,,,,,,,,,,,,,,,
無影脫牌手,,,,,,,,,,,,,,,,,,,
無影脫牌手,,,,,,,,,,,,,,,,,,,
無影脫牌手,,,,,,,,,,,,,,,,,,,
無影脫牌手,,,,,,,,,,,,,,,,,,,
無間風雲+擴充合輯套組,,,,,,,,,,,,,,,,,,,
無間風雲-大全套,,,,,,,,,,,,,,,,,,,
無間風雲,,,,,,,,,,,,,,,,,,,
無限手套: 情書系列 (主/中文),,,,,,,,,,,,,,,,,,,
渡船過河 (主/中文),,,,,,,,,,,,,,,,,,,
森巴馬戲團,,,,,,,,,,,,,,,,,,,
期貨時代,,,,,,,,,,,,,,,,,,,
暑假日記,,,,,,,,,,,,,,,,,,,
智慧球,,,,,,,,,,,,,,,,,,,
智取狐狸,,,,,,,,,,,,,,,,,,,
智取狐狸,,,,,,,,,,,,,,,,,,,
智人,,,,,,,,,,,,,,,,,,,
斯凱島 (主/中文),,,,,,,,,,,,,,,,,,,
揪麻吉,,,,,,,,,,,,,,,,,,,
換言一新,,,,,,,,,,,,,,,,,,,
掌中回憶,,,,,,,,,,,,,,,,,,,
帽子戲法,,,,,,,,,,,,,,,,,,,
就是吃鬆餅,,,,,,,,,,,,,,,,,,,
尋鑰之旅 (主/中文),,,,,,,,,,,,,,,,,,,
尋夢旅程,,,,,,,,,,,,,,,,,,,
富饒之城2戰火隆隆,,,,,,,,,,,,,,,,,,,
富饒之城2016,,,,,,,,,,,,,,,,,,,
富饒之城2016,,,,,,,,,,,,,,,,,,,
富饒之城2,,,,,,,,,,,,,,,,,,,
富饒之城,,,,,,,,,,,,,,,,,,,
富士流,,,,,,,,,,,,,,,,,,,
喵喵咪呀,,,,,,,,,,,,,,,,,,,
喪屍大逃殺,,,,,,,,,,,,,,,,,,,
喔!我的美味漢堡,,,,,,,,,,,,,,,,,,,
喔 ! 我的好貨 !,,,,,,,,,,,,,,,,,,,
勝在有腦:兒童版,,,,,,,,,,,,,,,,,,,
勝在有腦,,,,,,,,,,,,,,,,,,,
創意編字,,,,,,,,,,,,,,,,,,,
創意城市,,,,,,,,,,,,,,,,,,,
創意城市,,,,,,,,,,,,,,,,,,,
創意巧拼蛋,,,,,,,,,,,,,,,,,,,
創意巧拼蛋,,,,,,,,,,,,,,,,,,,
創世星球,,,,,,,,,,,,,,,,,,,
割喉冒險隊,,,,,,,,,,,,,,,,,,,
最美的風景變電箱,,,,,,,,,,,,,,,,,,,
最後的迅猛龍,,,,,,,,,,,,,,,,,,,
魚魚對對樂,,,,,,,,,,,,,,,,,,,
雪地狂歡-砸蛋,,,,,,,,,,,,,,,,,,,
雪之時,,,,,,,,,,,,,,,,,,,
陸海空拉米,,,,,,,,,,,,,,,,,,,
陸海空拉米,,,,,,,,,,,,,,,,,,,
陰謀大亂鬥,,,,,,,,,,,,,,,,,,,
陰陽百鬼譚,,,,,,,,,,,,,,,,,,,
陰間條例 夜巡篇,,,,,,,,,,,,,,,,,,,
陰間條例 夜巡篇,,,,,,,,,,,,,,,,,,,
野蠻維京人,,,,,,,,,,,,,,,,,,,
造陸計畫,,,,,,,,,,,,,,,,,,,
速塗快遞,,,,,,,,,,,,,,,,,,,
速畫猜,,,,,,,,,,,,,,,,,,,
速速城國,,,,,,,,,,,,,,,,,,,
這款桌遊,,,,,,,,,,,,,,,,,,,
這就是人生,,,,,,,,,,,,,,,,,,,
這是誰做的,,,,,,,,,,,,,,,,,,,
這些MEME不是屬於我的,,,,,,,,,,,,,,,,,,,
貪吃鬼,,,,,,,,,,,,,,,,,,,
貪心農夫,,,,,,,,,,,,,,,,,,,
許願桌傳說,,,,,,,,,,,,,,,,,,,
袋中菲力貓,,,,,,,,,,,,,,,,,,,
船轉企鵝,,,,,,,,,,,,,,,,,,,
終點攝影-最後衝刺,,,,,,,,,,,,,,,,,,,
終極戰士,,,,,,,,,,,,,,,,,,,
終極審判:電車難題,,,,,,,,,,,,,,,,,,,
終極密碼,,,,,,,,,,,,,,,,,,,
第一類接觸,,,,,,,,,,,,,,,,,,,
窒命玩笑,,,,,,,,,,,,,,,,,,,
視覺運動會:進階版,,,,,,,,,,,,,,,,,,,
視覺運動會,,,,,,,,,,,,,,,,,,,
視覺專注力訓練,,,,,,,,,,,,,,,,,,,
眾裹尋他,,,,,,,,,,,,,,,,,,,
眾神大典(外文版),,,,,,,,,,,,,,,,,,,
眼明手快搶配對,,,,,,,,,,,,,,,,,,,
眼明手快搶配對,,,,,,,,,,,,,,,,,,,
眼尖手快,,,,,,,,,,,,,,,,,,,
異族爭霸,,,,,,,,,,,,,,,,,,,
畢氏大爆炸,,,,,,,,,,,,,,,,,,,
甜點大胃王（小吃大胃王新美術版本）,,,,,,,,,,,,,,,,,,,
甜蜜的家,,,,,,,,,,,,,,,,,,,
甜品大師,,,,,,,,,,,,,,,,,,,
現代藝術:陳澄波,,,,,,,,,,,,,,,,,,,
現代藝術,,,,,,,,,,,,,,,,,,,
猜猜我是誰,,,,,,,,,,,,,,,,,,,
猜心俱樂部,,,,,,,,,,,,,,,,,,,
深海諜影,,,,,,,,,,,,,,,,,,,
深水擂台,,,,,,,,,,,,,,,,,,,
深入絕地: 暗黑世界傳說,322708,,,,,5200,5200,3000,,,1,,,,,,,,
淘氣小小蛙,,,,,,,,,,,,,,,,,,,
殺手賽局,,,,,,,,,,,,,,,,,,,
殺手賽局,,,,,,,,,,,,,,,,,,,
欲罷不能極速版,,,,,,,,,,,,,,,,,,,
欲罷不能,,,,,,,,,,,,,,,,,,,
梗圖黃牌,,,,,,,,,,,,,,,,,,,
梗圖黃牌,,,,,,,,,,,,,,,,,,,
梗圖黃牌,,,,,,,,,,,,,,,,,,,
曼哈頓,,,,,,,,,,,,,,,,,,,
旋風谷,,,,,,,,,,,,,,,,,,,
教父風雲,,,,,,,,,,,,,,,,,,,
推翻蘇丹,,,,,,,,,,,,,,,,,,,
推翻蘇丹,,,,,,,,,,,,,,,,,,,
推理事件簿:騎士信條1400,,,,,,,,,,,,,,,,,,,
推理事件簿,,,,,,,,,,,,,,,,,,,
推推記憶,,,,,,,,,,,,,,,,,,,
推推記憶,,,,,,,,,,,,,,,,,,,
推浪快盜,,,,,,,,,,,,,,,,,,,
推倒提基,,,,,,,,,,,,,,,,,,,
推倒提基,,,,,,,,,,,,,,,,,,,
推倒提基,,,,,,,,,,,,,,,,,,,
推倒提基,,,,,,,,,,,,,,,,,,,
接龍車,,,,,,,,,,,,,,,,,,,
採珠人,,,,,,,,,,,,,,,,,,,
採珠人,,,,,,,,,,,,,,,,,,,
採珠人,,,,,,,,,,,,,,,,,,,
情書（美版插畫）,,,,,,,,,,,,,,,,,,,
情書（日版插畫）,,,,,,,,,,,,,,,,,,,
從前從前…,,,,,,,,,,,,,,,,,,,
從前從前…,,,,,,,,,,,,,,,,,,,
得分沙拉,,,,,,,,,,,,,,,,,,,
得分沙拉,,,,,,,,,,,,,,,,,,,
得分沙拉,,,,,,,,,,,,,,,,,,,
得寸進尺,,,,,,,,,,,,,,,,,,,
得寸進尺,,,,,,,,,,,,,,,,,,,
彩色圈圈,,,,,,,,,,,,,,,,,,,
彩色圈圈,,,,,,,,,,,,,,,,,,,
彩色圈圈,,,,,,,,,,,,,,,,,,,
彩色圈圈,,,,,,,,,,,,,,,,,,,
彩色圈圈,,,,,,,,,,,,,,,,,,,
彩色圈圈,,,,,,,,,,,,,,,,,,,
彩色圈圈,,,,,,,,,,,,,,,,,,,
彩色圈圈,,,,,,,,,,,,,,,,,,,
彩色圈圈,,,,,,,,,,,,,,,,,,,
彩色圈圈,,,,,,,,,,,,,,,,,,,
彩色動物接龍,,,,,,,,,,,,,,,,,,,
彩色動物接龍,,,,,,,,,,,,,,,,,,,
彩色動物接龍,,,,,,,,,,,,,,,,,,,
彩色動物接龍,,,,,,,,,,,,,,,,,,,
彩色烏托邦,,,,,,,,,,,,,,,,,,,
彩色島,,,,,,,,,,,,,,,,,,,
屠龍矮人,,,,,,,,,,,,,,,,,,,
密識派對,,,,,,,,,,,,,,,,,,,
堆比思:怪咖,,,,,,,,,,,,,,,,,,,
國民經濟,,,,,,,,,,,,,,,,,,,
圈圈套圈圈,,,,,,,,,,,,,,,,,,,
動物疊疊樂,,,,,,,,,,,,,,,,,,,
動物瘋,,,,,,,,,,,,,,,,,,,
動物園大亨 輕便版 (主/中文),,,,,,,,,,,,,,,,,,,
動物園大亨 輕便版 (主/中文),,,,,,,,,,,,,,,,,,,
動物園大亨 輕便版 (主/中文),,,,,,,,,,,,,,,,,,,
動物園大亨 輕便版 (主/中文),,,,,,,,,,,,,,,,,,,
動物園大亨 輕便版 (主/中文),,,,,,,,,,,,,,,,,,,
動物園,,,,,,,,,,,,,,,,,,,
動物將棋,,,,,,,,,,,,,,,,,,,
動物泛舟,,,,,,,,,,,,,,,,,,,
動物夜怕怕,,,,,,,,,,,,,,,,,,,
動物夜怕怕,,,,,,,,,,,,,,,,,,,
動物反抗軍,,,,,,,,,,,,,,,,,,,
動物反抗軍,,,,,,,,,,,,,,,,,,,
動物反抗軍,,,,,,,,,,,,,,,,,,,
動物反抗軍,,,,,,,,,,,,,,,,,,,
動物反抗軍,,,,,,,,,,,,,,,,,,,
動文字,,,,,,,,,,,,,,,,,,,
動手不動口,,,,,,,,,,,,,,,,,,,
偵探焦點：最後底牌,,,,,,,,,,,,,,,,,,,
偵探焦點:厄運鳥,,,,,,,,,,,,,,,,,,,
假不喵,,,,,,,,,,,,,,,,,,,
乾杯,,,,,,,,,,,,,,,,,,,
乾杯,,,,,,,,,,,,,,,,,,,
乾杯,,,,,,,,,,,,,,,,,,,
鬼靈精怪數字迷宮,,,,,,,,,,,,,,,,,,,
鬼臉大王,,,,,,,,,,,,,,,,,,,
馬戲經理人,,,,,,,,,,,,,,,,,,,
馬兒快快跑,,,,,,,,,,,,,,,,,,,
馬尼拉（第567列可訂購《馬尼拉英中版》）,,,,,,,,,,,,,,,,,,,
馬可波羅,,,,,,,,,,,,,,,,,,,
陛下,,,,,,,,,,,,,,,,,,,
閃靈快手:魔法帽,,,,,,,,,,,,,,,,,,,
針扎牌,,,,,,,,,,,,,,,,,,,
酒店大亨,,,,,,,,,,,,,,,,,,,
逆流上班族,,,,,,,,,,,,,,,,,,,
逃脫檔案：蛇藤林的孩子們,,,,,,,,,,,,,,,,,,,
送禮高手,,,,,,,,,,,,,,,,,,,
追捕蝴蝶遊戲組,,,,,,,,,,,,,,,,,,,
迷宮機器人,,,,,,,,,,,,,,,,,,,
迷你遊樂園,,,,,,,,,,,,,,,,,,,
迷你遊樂園,,,,,,,,,,,,,,,,,,,
迷你遊樂園,,,,,,,,,,,,,,,,,,,
迷你發電廠,,,,,,,,,,,,,,,,,,,
迷你都市,,,,,,,,,,,,,,,,,,,
迷你動物疊疊樂,,,,,,,,,,,,,,,,,,,
迷因在說話 NO CONTEXT,,,,,,,,,,,,,,,,,,,
迴轉壽司:鐵盒,,,,,,,,,,,,,,,,,,,
迴轉壽司,,,,,,,,,,,,,,,,,,,
起司天堂歷險記,,,,,,,,,,,,,,,,,,,
記憶模仿大考驗,,,,,,,,,,,,,,,,,,,
記憶模仿大考驗,,,,,,,,,,,,,,,,,,,
記憶搖一搖,,,,,,,,,,,,,,,,,,,
記憶黑洞,,,,,,,,,,,,,,,,,,,
記帳城市,,,,,,,,,,,,,,,,,,,
衰事會發生,,,,,,,,,,,,,,,,,,,
衰事無極限,,,,,,,,,,,,,,,,,,,
荒野游牧,,,,,,,,,,,,,,,,,,,
荒野大彈客,,,,,,,,,,,,,,,,,,,
荒島動物學,,,,,,,,,,,,,,,,,,,
草泥馬,,,,,,,,,,,,,,,,,,,
茶丸子,,,,,,,,,,,,,,,,,,,
能看見我看的嗎:賓果連連,,,,,,,,,,,,,,,,,,,
能看見我看的嗎:賓果連連,,,,,,,,,,,,,,,,,,,
秘寶快手,,,,,,,,,,,,,,,,,,,
秘寶快手,,,,,,,,,,,,,,,,,,,
秘法對決,,,,,,,,,,,,,,,,,,,
神機妙算,,,,,,,,,,,,,,,,,,,
神機妙算,,,,,,,,,,,,,,,,,,,
神探緝兇,,,,,,,,,,,,,,,,,,,
神秘島(桌遊+繪本),,,,,,,,,,,,,,,,,,,
神秘島(桌遊+繪本),,,,,,,,,,,,,,,,,,,
神秘大地,,,,,,,,,,,,,,,,,,,
神祕卡納克,,,,,,,,,,,,,,,,,,,
神奈川學苑 (主/中文),,,,,,,,,,,,,,,,,,,
神奇果汁,,,,,,,,,,,,,,,,,,,
神奇小馬SS,,,,,,,,,,,,,,,,,,,
神來之筆,,,,,,,,,,,,,,,,,,,
砰+道奇市擴充套組,,,,,,,,,,,,,,,,,,,
砰！骰子版,,,,,,,,,,,,,,,,,,,
砰！,,,,,,,,,,,,,,,,,,,
砰:武士刀,,,,,,,,,,,,,,,,,,,
眨眨眼,,,,,,,,,,,,,,,,,,,
眨眨眼,,,,,,,,,,,,,,,,,,,
益智推推箱,,,,,,,,,,,,,,,,,,,
病毒在跳舞,,,,,,,,,,,,,,,,,,,
病毒在跳舞,,,,,,,,,,,,,,,,,,,
狼來了！,,,,,,,,,,,,,,,,,,,
狼人殺2019豪華版,,,,,,,,,,,,,,,,,,,
狼人殺2019豪華版,,,,,,,,,,,,,,,,,,,
狼人真言 (主/中文),,,,,,,,,,,,,,,,,,,
狼人真言 (主/中文),,,,,,,,,,,,,,,,,,,
狼人2020,,,,,,,,,,,,,,,,,,,
烏嘎烏嘎,,,,,,,,,,,,,,,,,,,
烏邦果迷你版,,,,,,,,,,,,,,,,,,,
烏邦果3D兒童版,,,,,,,,,,,,,,,,,,,
消失的主角,,,,,,,,,,,,,,,,,,,
海霸,,,,,,,,,,,,,,,,,,,
海盜總動員,,,,,,,,,,,,,,,,,,,
海盜骰子,,,,,,,,,,,,,,,,,,,
海盜對決 (主/中文),,,,,,,,,,,,,,,,,,,
海盜密碼1~10,,,,,,,,,,,,,,,,,,,
海盜島 1667 (主/中文),,,,,,,,,,,,,,,,,,,
海盜風雲,,,,,,,,,,,,,,,,,,,
海格力士的12試煉,,,,,,,,,,,,,,,,,,,
浮言浪語,,,,,,,,,,,,,,,,,,,
格格不入,,,,,,,,,,,,,,,,,,,
格格不入,,,,,,,,,,,,,,,,,,,
格格不入,,,,,,,,,,,,,,,,,,,
柴犬屋,,,,,,,,,,,,,,,,,,,
時間線:發明史,,,,,,,,,,,,,,,,,,,
時間線:音樂與電影,,,,,,,,,,,,,,,,,,,
時間線 台灣近代史,,,,,,,,,,,,,,,,,,,
時間到! 家庭版 (主/中文),,,,,,,,,,,,,,,,,,,
時光當鋪,,,,,,,,,,,,,,,,,,,
時兇教授:歲月堡壘,,,,,,,,,,,,,,,,,,,
旅館謀殺案,,,,,,,,,,,,,,,,,,,
料理廚王,,,,,,,,,,,,,,,,,,,
捕魚大賽,,,,,,,,,,,,,,,,,,,
捕抓抓,,,,,,,,,,,,,,,,,,,
恐龍歷險記,,,,,,,,,,,,,,,,,,,
恐龍彈珠台,,,,,,,,,,,,,,,,,,,
恐龍彈珠台,,,,,,,,,,,,,,,,,,,
恐龍彈珠台,,,,,,,,,,,,,,,,,,,
恐龍彈珠台,,,,,,,,,,,,,,,,,,,
恐龍咬咬,,,,,,,,,,,,,,,,,,,
恐龍咬咬,,,,,,,,,,,,,,,,,,,
恐怖村,,,,,,,,,,,,,,,,,,,
席迪特戰記,,,,,,,,,,,,,,,,,,,
家族事業,,,,,,,,,,,,,,,,,,,
害你在心口難開,,,,,,,,,,,,,,,,,,,
套娃收藏家,,,,,,,,,,,,,,,,,,,
套利併購,,,,,,,,,,,,,,,,,,,
原木形色棋旅行版,,,,,,,,,,,,,,,,,,,
原木形色棋旅行版,,,,,,,,,,,,,,,,,,,
原木形色棋,,,,,,,,,,,,,,,,,,,
原木形色棋,,,,,,,,,,,,,,,,,,,
原木西洋棋,,,,,,,,,,,,,,,,,,,
原木立體形色棋,,,,,,,,,,,,,,,,,,,
倚天屠龍記,,,,,,,,,,,,,,,,,,,
倉鼠相撲,,,,,,,,,,,,,,,,,,,
倉鼠相撲,,,,,,,,,,,,,,,,,,,
倉鼠相撲,,,,,,,,,,,,,,,,,,,
倉鼠相撲,,,,,,,,,,,,,,,,,,,
倉庫城:倉儲大樓擴充,,,,,,,,,,,,,,,,,,,
倉庫城,,,,,,,,,,,,,,,,,,,
香蕉猴王,,,,,,,,,,,,,,,,,,,
香蕉共和國．國安秘帳,,,,,,,,,,,,,,,,,,,
香蕉人上班趣,,,,,,,,,,,,,,,,,,,
香蕉人上班趣,,,,,,,,,,,,,,,,,,,
首都華沙,,,,,,,,,,,,,,,,,,,
食人魚與派德羅,,,,,,,,,,,,,,,,,,,
食人族怪物,,,,,,,,,,,,,,,,,,,
飛躍魔盜團兒童版:幻想國度,,,,,,,,,,,,,,,,,,,
飛躍魔盜團,,,,,,,,,,,,,,,,,,,
飛龍傳說口袋版,,,,,,,,,,,,,,,,,,,
飛塔巫師,,,,,,,,,,,,,,,,,,,
風聲 黑名單 (主/中文),,,,,,,,,,,,,,,,,,,
風聲 再臨 (主/中文),,,,,,,,,,,,,,,,,,,
風聲 再臨 (主/中文),,,,,,,,,,,,,,,,,,,
限時解鎖:密室逃脫,,,,,,,,,,,,,,,,,,,
限時快猜 (主/中文),,,,,,,,,,,,,,,,,,,
降妖伏怪,,,,,,,,,,,,,,,,,,,
郎中闖江湖兒童版,,,,,,,,,,,,,,,,,,,
郎中闖江湖兒童版,,,,,,,,,,,,,,,,,,,
郎中闖江湖兒童版,,,,,,,,,,,,,,,,,,,
郎中闖江湖兒童版,,,,,,,,,,,,,,,,,,,
郎中闖江湖,,,,,,,,,,,,,,,,,,,
英雄總是最後一個到,,,,,,,,,,,,,,,,,,,
胖廚師披薩平衡,,,,,,,,,,,,,,,,,,,
耶利哥,,,,,,,,,,,,,,,,,,,
美麗島風雲,,,,,,,,,,,,,,,,,,,
美麗島風雲,,,,,,,,,,,,,,,,,,,
皇輿爭霸:煉金術士,,,,,,,,,,,,,,,,,,,
皇輿爭霸:海國圖志,,,,,,,,,,,,,,,,,,,
皇輿爭霸,,,,,,,,,,,,,,,,,,,
皇親國戚,,,,,,,,,,,,,,,,,,,
皇親國戚,,,,,,,,,,,,,,,,,,,
皇家港,,,,,,,,,,,,,,,,,,,
珍珠奶茶,,,,,,,,,,,,,,,,,,,
珍珠奶茶,,,,,,,,,,,,,,,,,,,
珊瑚物語,,,,,,,,,,,,,,,,,,,
玻玻小雞家族,,,,,,,,,,,,,,,,,,,
玻玻小雞家族,,,,,,,,,,,,,,,,,,,
炸彈競技場,,,,,,,,,,,,,,,,,,,
流轉大地,,,,,,,,,,,,,,,,,,,
洪水警報,,,,,,,,,,,,,,,,,,,
洪水警報,,,,,,,,,,,,,,,,,,,
洞察掀機,,,,,,,,,,,,,,,,,,,
洞洞打寶,,,,,,,,,,,,,,,,,,,
洗襪子,,,,,,,,,,,,,,,,,,,
洗襪子,,,,,,,,,,,,,,,,,,,
毒藥,,,,,,,,,,,,,,,,,,,
毒藥,,,,,,,,,,,,,,,,,,,
毒藥,,,,,,,,,,,,,,,,,,,
毒來毒往,,,,,,,,,,,,,,,,,,,
歪星訪客,,,,,,,,,,,,,,,,,,,
柯爾特快車 (主/中文),,,,,,,,,,,,,,,,,,,
查理檢查哨,,,,,,,,,,,,,,,,,,,
星際寶衛戰,,,,,,,,,,,,,,,,,,,
星際探險隊 深海任務,,,,,,,,,,,,,,,,,,,
星際探險隊,,,,,,,,,,,,,,,,,,,
星球加法,,,,,,,,,,,,,,,,,,,
星球加法,,,,,,,,,,,,,,,,,,,
星球加法,,,,,,,,,,,,,,,,,,,
星域奇航,,,,,,,,,,,,,,,,,,,
星域奇航,,,,,,,,,,,,,,,,,,,
星域奇航,,,,,,,,,,,,,,,,,,,
星杯傳說,,,,,,,,,,,,,,,,,,,
故事線:童話篇 (主/中文),,,,,,,,,,,,,,,,,,,
政變,,,,,,,,,,,,,,,,,,,
挖到寶,,,,,,,,,,,,,,,,,,,
挑戰序列,,,,,,,,,,,,,,,,,,,
挑戰序列,,,,,,,,,,,,,,,,,,,
挑戰序列,,,,,,,,,,,,,,,,,,,
指環套套,,,,,,,,,,,,,,,,,,,
拾貓鍋,,,,,,,,,,,,,,,,,,,
拾貓鍋,,,,,,,,,,,,,,,,,,,
拼裝機器人（附Promo卡）,,,,,,,,,,,,,,,,,,,
拼布藝術,,,,,,,,,,,,,,,,,,,
拯救童話,,,,,,,,,,,,,,,,,,,
拯救北極熊,,,,,,,,,,,,,,,,,,,
急件快送,,,,,,,,,,,,,,,,,,,
怒海求生,,,,,,,,,,,,,,,,,,,
建築師疊疊樂,,,,,,,,,,,,,,,,,,,
建築師疊疊樂,,,,,,,,,,,,,,,,,,,
建築師疊疊樂,,,,,,,,,,,,,,,,,,,
幽靈棋,,,,,,,,,,,,,,,,,,,
帝國拓荒者:北方帝國,,,,,,,,,,,,,,,,,,,
屋頂動物園,,,,,,,,,,,,,,,,,,,
封王,,,,,,,,,,,,,,,,,,,
城市競逐,,,,,,,,,,,,,,,,,,,
城市漫遊 京都,,,,,,,,,,,,,,,,,,,
城市漫遊 台南,,,,,,,,,,,,,,,,,,,
南街殷賑,,,,,,,,,,,,,,,,,,,
勃根地城堡,,,,,,,,,,,,,,,,,,,
俄羅斯娃娃,,,,,,,,,,,,,,,,,,,
俄羅斯娃娃,,,,,,,,,,,,,,,,,,,
俄羅斯娃娃,,,,,,,,,,,,,,,,,,,
非常嫌疑犯,,,,,,,,,,,,,,,,,,,
非洲之旅,,,,,,,,,,,,,,,,,,,
阿瓦隆:戰棋會,,,,,,,,,,,,,,,,,,,
阿瓦隆:戰棋會,,,,,,,,,,,,,,,,,,,
阿瓦隆:馬來西亞版,,,,,,,,,,,,,,,,,,,
阿瓦隆:馬來西亞版,,,,,,,,,,,,,,,,,,,
阿不思學院,,,,,,,,,,,,,,,,,,,
長頸鹿量表,,,,,,,,,,,,,,,,,,,
長號,,,,,,,,,,,,,,,,,,,
金雞海盜的藏寶圖,,,,,,,,,,,,,,,,,,,
金銀島,,,,,,,,,,,,,,,,,,,
金漁撈撈,,,,,,,,,,,,,,,,,,,
金金樂盜,,,,,,,,,,,,,,,,,,,
花磚物語:琉璃之光,,,,,,,,,,,,,,,,,,,
花磚物語:夏日行宮,,,,,,,,,,,,,,,,,,,
花磚物語,,,,,,,,,,,,,,,,,,,
花燈盛會,,,,,,,,,,,,,,,,,,,
花見小路,,,,,,,,,,,,,,,,,,,
花火,,,,,,,,,,,,,,,,,,,
股票大亨,,,,,,,,,,,,,,,,,,,
股票大亨,,,,,,,,,,,,,,,,,,,
股票大亨,,,,,,,,,,,,,,,,,,,
空間邏輯對應,,,,,,,,,,,,,,,,,,,
空中之城,,,,,,,,,,,,,,,,,,,
空中之城,,,,,,,,,,,,,,,,,,,
社群大亂鬥,,,,,,,,,,,,,,,,,,,
知識線:環球旅行篇,,,,,,,,,,,,,,,,,,,
知識線:環球旅行篇,,,,,,,,,,,,,,,,,,,
知識線:恐龍篇,,,,,,,,,,,,,,,,,,,
玩轉賽車道,,,,,,,,,,,,,,,,,,,
玩命賽道 (主/中文),,,,,,,,,,,,,,,,,,,
玩命起司,,,,,,,,,,,,,,,,,,,
狗戲團疊疊樂,,,,,,,,,,,,,,,,,,,
狗戲團疊疊樂,,,,,,,,,,,,,,,,,,,
狐狸與雞,,,,,,,,,,,,,,,,,,,
爭牆鬥勝,,,,,,,,,,,,,,,,,,,
炎魔的數字試煉,,,,,,,,,,,,,,,,,,,
波多黎各,,,,,,,,,,,,,,,,,,,
法老聖殿,,,,,,,,,,,,,,,,,,,
法老密碼,,,,,,,,,,,,,,,,,,,
油畫大師:ks版,,,,,,,,,,,,,,,,,,,
河馬游泳圈,,,,,,,,,,,,,,,,,,,
河馬游泳圈,,,,,,,,,,,,,,,,,,,
河馬游泳圈,,,,,,,,,,,,,,,,,,,
果盜檸檬七,,,,,,,,,,,,,,,,,,,
林口,,,,,,,,,,,,,,,,,,,
松鼠取堅果,,,,,,,,,,,,,,,,,,,
東海道,,,,,,,,,,,,,,,,,,,
東京高速公路 (主/中文),,,,,,,,,,,,,,,,,,,
東京之王闇黑版 (限定) (主/中文),,,,,,,,,,,,,,,,,,,
東京之王+火力全開擴充套組,,,,,,,,,,,,,,,,,,,
杯子蛋糕學院(主/中文),,,,,,,,,,,,,,,,,,,
服裝設計師:愛斯基摩,,,,,,,,,,,,,,,,,,,
服裝設計師:愛斯基摩,,,,,,,,,,,,,,,,,,,
服裝設計師:愛斯基摩,,,,,,,,,,,,,,,,,,,
服裝設計師:愛斯基摩,,,,,,,,,,,,,,,,,,,
服裝設計師:美國,,,,,,,,,,,,,,,,,,,
服裝設計師:美國,,,,,,,,,,,,,,,,,,,
服裝設計師:日本,,,,,,,,,,,,,,,,,,,
服裝設計師:日本,,,,,,,,,,,,,,,,,,,
服裝設計師:中國,,,,,,,,,,,,,,,,,,,
服裝設計師:中國,,,,,,,,,,,,,,,,,,,
服裝設計師:中國,,,,,,,,,,,,,,,,,,,
服裝設計師:中國,,,,,,,,,,,,,,,,,,,
明槍你錢,,,,,,,,,,,,,,,,,,,
招財進寶,,,,,,,,,,,,,,,,,,,
拚了小雞,,,,,,,,,,,,,,,,,,,
拔蘿蔔,,,,,,,,,,,,,,,,,,,
拔毛運動會,,,,,,,,,,,,,,,,,,,
拔毛運動會,,,,,,,,,,,,,,,,,,,
拍張照,,,,,,,,,,,,,,,,,,,
拍張照,,,,,,,,,,,,,,,,,,,
拉密袋裝攜帶版,,,,,,,,,,,,,,,,,,,
拉密:XXL版,,,,,,,,,,,,,,,,,,,
拉密:XXL版,,,,,,,,,,,,,,,,,,,
拉密:變臉版,,,,,,,,,,,,,,,,,,,
拉密:變臉版,,,,,,,,,,,,,,,,,,,
拉密:變臉版,,,,,,,,,,,,,,,,,,,
拉密:變臉版,,,,,,,,,,,,,,,,,,,
拉密:麻將版,,,,,,,,,,,,,,,,,,,
拉密:紙牌版,,,,,,,,,,,,,,,,,,,
拉密:特別版,,,,,,,,,,,,,,,,,,,
拉密:外出鐵盒版,,,,,,,,,,,,,,,,,,,
拉密:6人版,,,,,,,,,,,,,,,,,,,
拉格蘭哈莊園,,,,,,,,,,,,,,,,,,,
披薩家,,,,,,,,,,,,,,,,,,,
披薩家,,,,,,,,,,,,,,,,,,,
怪獸面具島,,,,,,,,,,,,,,,,,,,
怪獸的菜單,,,,,,,,,,,,,,,,,,,
怪獸方塊,,,,,,,,,,,,,,,,,,,
怪獸方塊,,,,,,,,,,,,,,,,,,,
怪獸方塊,,,,,,,,,,,,,,,,,,,
怪獸方塊,,,,,,,,,,,,,,,,,,,
怪物仙境擴充: 失落城市 (擴/中文),,,,,,,,,,,,,,,,,,,
怪物仙境:塗鴉任務,,,,,,,,,,,,,,,,,,,
性格靈通:寓言,,,,,,,,,,,,,,,,,,,
奔跑吧蝸牛,,,,,,,,,,,,,,,,,,,
奇獸競技場,,,,,,,,,,,,,,,,,,,
奇雞家族,,,,,,,,,,,,,,,,,,,
奇思繆想,,,,,,,,,,,,,,,,,,,
夜市人蔘,,,,,,,,,,,,,,,,,,,
咕啾咕啾,,,,,,,,,,,,,,,,,,,
咕啾咕啾,,,,,,,,,,,,,,,,,,,
咕啾咕啾,,,,,,,,,,,,,,,,,,,
咒咒咒！,,,,,,,,,,,,,,,,,,,
命懸一線,,,,,,,,,,,,,,,,,,,
命懸一線,,,,,,,,,,,,,,,,,,,
呱呱跳,,,,,,,,,,,,,,,,,,,
呱呱跳,,,,,,,,,,,,,,,,,,,
刺蝟飼養家,,,,,,,,,,,,,,,,,,,
刺客暗殺派對,,,,,,,,,,,,,,,,,,,
刺客暗殺派對,,,,,,,,,,,,,,,,,,,
兔兔農場,,,,,,,,,,,,,,,,,,,
兔子王國 (主/中文),,,,,,,,,,,,,,,,,,,
兒童教具-Parkett Flower Magic 3D,,,,,,,,,,,,,,,,,,,
依樣畫葫蘆 (主/中文),,,,,,,,,,,,,,,,,,,
來包洋芋片 (主/中文),,,,,,,,,,,,,,,,,,,
侃侃而猜,,,,,,,,,,,,,,,,,,,
京都諜影,,,,,,,,,,,,,,,,,,,
亞瑟傳奇,,,,,,,,,,,,,,,,,,,
亞瑟傳奇,,,,,,,,,,,,,,,,,,,
邪馬臺,,,,,,,,,,,,,,,,,,,
豆腐王國,,,,,,,,,,,,,,,,,,,
豆腐王國,,,,,,,,,,,,,,,,,,,
豆腐王國,,,,,,,,,,,,,,,,,,,
私酒封鎖中,,,,,,,,,,,,,,,,,,,
私家偵探,,,,,,,,,,,,,,,,,,,
私人偵探,,,,,,,,,,,,,,,,,,,
皂單全收,,,,,,,,,,,,,,,,,,,
狂牛衝浪,,,,,,,,,,,,,,,,,,,
狂牛衝浪,,,,,,,,,,,,,,,,,,,
狂牛衝浪,,,,,,,,,,,,,,,,,,,
沉睡皇后15周年版,,,,,,,,,,,,,,,,,,,
沉睡皇后15周年版,,,,,,,,,,,,,,,,,,,
汪喵餅乾戰,,,,,,,,,,,,,,,,,,,
汪汪喵喵歡樂派對(桌遊+繪本),,,,,,,,,,,,,,,,,,,
求婚大作戰,,,,,,,,,,,,,,,,,,,
步步高升,,,,,,,,,,,,,,,,,,,
步步為營,,,,,,,,,,,,,,,,,,,
村莊,,,,,,,,,,,,,,,,,,,
抖抖山大冒險,,,,,,,,,,,,,,,,,,,
抓帽子,,,,,,,,,,,,,,,,,,,
抓鬼大隊,,,,,,,,,,,,,,,,,,,
抓鬼大隊,,,,,,,,,,,,,,,,,,,
抓包變色龍,,,,,,,,,,,,,,,,,,,
抓月亮 (主/中文),,,,,,,,,,,,,,,,,,,
找找我,,,,,,,,,,,,,,,,,,,
扮家家遊,,,,,,,,,,,,,,,,,,,
扭扭樂,,,,,,,,,,,,,,,,,,,
我們都是模範生,,,,,,,,,,,,,,,,,,,
我們都是模範生,,,,,,,,,,,,,,,,,,,
我們都是模範生,,,,,,,,,,,,,,,,,,,
我們都是模範生,,,,,,,,,,,,,,,,,,,
我是香蕉,,,,,,,,,,,,,,,,,,,
我是香蕉,,,,,,,,,,,,,,,,,,,
我是大老闆！紙牌版,,,,,,,,,,,,,,,,,,,
我是大老闆！,,,,,,,,,,,,,,,,,,,
我的捷運生活,,,,,,,,,,,,,,,,,,,
我先走啦！,,,,,,,,,,,,,,,,,,,
我也是歌手,,,,,,,,,,,,,,,,,,,
快樂農莊,,,,,,,,,,,,,,,,,,,
快閃地精,,,,,,,,,,,,,,,,,,,
快閃冰淇淋 (主/中文),,,,,,,,,,,,,,,,,,,
快閃冰淇淋 (主/中文),,,,,,,,,,,,,,,,,,,
快打英雄,,,,,,,,,,,,,,,,,,,
快可思,,,,,,,,,,,,,,,,,,,
快手疊杯,,,,,,,,,,,,,,,,,,,
快手疊杯,,,,,,,,,,,,,,,,,,,
快手靠杯:旅行版,,,,,,,,,,,,,,,,,,,
快手靠杯:旅行版,,,,,,,,,,,,,,,,,,,
忍者之夜,,,,,,,,,,,,,,,,,,,
忍者之夜,,,,,,,,,,,,,,,,,,,
形意棋,,,,,,,,,,,,,,,,,,,
形色咚咚,,,,,,,,,,,,,,,,,,,
巫術學院,,,,,,,,,,,,,,,,,,,
妙語說書人奧德賽,,,,,,,,,,,,,,,,,,,
妙語說書人奧德賽,,,,,,,,,,,,,,,,,,,
妙語說書人奧德賽,,,,,,,,,,,,,,,,,,,
妙語說書人奧德賽,,,,,,,,,,,,,,,,,,,
妙語說書人奧德賽,,,,,,,,,,,,,,,,,,,
妙語偵探社,,,,,,,,,,,,,,,,,,,
妙傳爆趣,,,,,,,,,,,,,,,,,,,
妙筆神猜 骰子版,,,,,,,,,,,,,,,,,,,
妙筆神猜,,,,,,,,,,,,,,,,,,,
妙探尋兇:疑犯大收藏紙牌版,,,,,,,,,,,,,,,,,,,
妙探尋兇:疑犯大收藏紙牌版,,,,,,,,,,,,,,,,,,,
妙探尋兇:疑犯大收藏紙牌版,,,,,,,,,,,,,,,,,,,
妙探尋兇,,,,,,,,,,,,,,,,,,,
妖怪鬪陣,,,,,,,,,,,,,,,,,,,
呆瓜！呆瓜！大呆瓜！ (主/中文),,,,,,,,,,,,,,,,,,,
呆瓜！呆瓜！大呆瓜！ (主/中文),,,,,,,,,,,,,,,,,,,
吹笛魔手,,,,,,,,,,,,,,,,,,,
吸爆鬆餅,,,,,,,,,,,,,,,,,,,
吸爆鬆餅,,,,,,,,,,,,,,,,,,,
吸爆鬆餅,,,,,,,,,,,,,,,,,,,
吸爆鬆餅,,,,,,,,,,,,,,,,,,,
吸珠大笨象,,,,,,,,,,,,,,,,,,,
吸血鬼睡衣派對,,,,,,,,,,,,,,,,,,,
否決權! (主/中文),,,,,,,,,,,,,,,,,,,
克蘇魯的呼喚:卡牌遊戲,,,,,,,,,,,,,,,,,,,
你炸我彈他,,,,,,,,,,,,,,,,,,,
你建我拆,,,,,,,,,,,,,,,,,,,
你和我,,,,,,,,,,,,,,,,,,,
作弊飛蛾,,,,,,,,,,,,,,,,,,,
估估劃劃:旅行版,,,,,,,,,,,,,,,,,,,
估估劃劃:旅行版,,,,,,,,,,,,,,,,,,,
估估劃劃:兒童版,,,,,,,,,,,,,,,,,,,
估估劃劃 嗨起來版,,,,,,,,,,,,,,,,,,,
估估劃劃,,,,,,,,,,,,,,,,,,,
估估劃劃,,,,,,,,,,,,,,,,,,,
估估劃劃,,,,,,,,,,,,,,,,,,,
估估劃劃,,,,,,,,,,,,,,,,,,,
西班牙鐵路,,,,,,,,,,,,,,,,,,,
衣打老鼠,,,,,,,,,,,,,,,,,,,
衣打老鼠,,,,,,,,,,,,,,,,,,,
血與刃的白薔薇,,,,,,,,,,,,,,,,,,,
血腥旅社,,,,,,,,,,,,,,,,,,,
血契獵殺,,,,,,,,,,,,,,,,,,,
艾莉露的回憶,,,,,,,,,,,,,,,,,,,
艾亞 生命之源,,,,,,,,,,,,,,,,,,,
色彩麻吉,,,,,,,,,,,,,,,,,,,
色彩大作戰,,,,,,,,,,,,,,,,,,,
色字頭上一掌拍,,,,,,,,,,,,,,,,,,,
老鼠起司洞 (主/中文),,,,,,,,,,,,,,,,,,,
老鼠起司洞 (主/中文),,,,,,,,,,,,,,,,,,,
老二哲學,,,,,,,,,,,,,,,,,,,
羽,,,,,,,,,,,,,,,,,,,
羊來湊數,,,,,,,,,,,,,,,,,,,
羊來湊數,,,,,,,,,,,,,,,,,,,
羊來湊數,,,,,,,,,,,,,,,,,,,
百慕達深海尋寶,,,,,,,,,,,,,,,,,,,
百分直覺,,,,,,,,,,,,,,,,,,,
百分直覺,,,,,,,,,,,,,,,,,,,
江洋大盜！,,,,,,,,,,,,,,,,,,,
死木鎮 1876 (主/中文),,,,,,,,,,,,,,,,,,,
死亡寒冬擴充:衝突之地,,,,,,,,,,,,,,,,,,,
死亡寒冬擴充:漫漫長夜,,,,,,,,,,,,,,,,,,,
死亡寒冬,,,,,,,,,,,,,,,,,,,
有隻象仔跌落水,,,,,,,,,,,,,,,,,,,
收納達人,,,,,,,,,,,,,,,,,,,
成敗,,,,,,,,,,,,,,,,,,,
忙碌廚房,,,,,,,,,,,,,,,,,,,
忙碌的菜園,,,,,,,,,,,,,,,,,,,
宇宙怪獸,,,,,,,,,,,,,,,,,,,
字字轉機：圖像版,,,,,,,,,,,,,,,,,,,
字字轉機:新版,,,,,,,,,,,,,,,,,,,
字字轉機 臉紅心跳,,,,,,,,,,,,,,,,,,,
字字轉機,,,,,,,,,,,,,,,,,,,
字母街,,,,,,,,,,,,,,,,,,,
字母街,,,,,,,,,,,,,,,,,,,
字母風火輪,,,,,,,,,,,,,,,,,,,
字母風火輪,,,,,,,,,,,,,,,,,,,
好鼻師,,,,,,,,,,,,,,,,,,,
多米諾骨牌,,,,,,,,,,,,,,,,,,,
多米諾王國．骰子對決版,,,,,,,,,,,,,,,,,,,
多米諾王國,,,,,,,,,,,,,,,,,,,
多米諾女王,,,,,,,,,,,,,,,,,,,
地窖探險,,,,,,,,,,,,,,,,,,,
地產達人,,,,,,,,,,,,,,,,,,,
地產達人,,,,,,,,,,,,,,,,,,,
地產達人,,,,,,,,,,,,,,,,,,,
地產大亨紙牌版,,,,,,,,,,,,,,,,,,,
地產大亨:愛台客走跳台灣電子版,,,,,,,,,,,,,,,,,,,
地產大亨,,,,,,,,,,,,,,,,,,,
地牢爭霸,,,,,,,,,,,,,,,,,,,
地下洞穴,,,,,,,,,,,,,,,,,,,
在電梯前,,,,,,,,,,,,,,,,,,,
名謎偵探,,,,,,,,,,,,,,,,,,,
名畫神偷,,,,,,,,,,,,,,,,,,,
名偵大賽,,,,,,,,,,,,,,,,,,,
同感,,,,,,,,,,,,,,,,,,,
印加寶藏2019年版,,,,,,,,,,,,,,,,,,,
印加寶藏2019年版,,,,,,,,,,,,,,,,,,,
冰酷企鵝,,,,,,,,,,,,,,,,,,,
冰雪連天,,,,,,,,,,,,,,,,,,,
冰雪連天,,,,,,,,,,,,,,,,,,,
冰淇淋快手2.0,,,,,,,,,,,,,,,,,,,
冰淇淋快手2.0,,,,,,,,,,,,,,,,,,,
冰原小英雄,,,,,,,,,,,,,,,,,,,
冰天雪地,,,,,,,,,,,,,,,,,,,
冰天雪地,,,,,,,,,,,,,,,,,,,
冰天雪地,,,,,,,,,,,,,,,,,,,
冰天雪地,,,,,,,,,,,,,,,,,,,
冰山疊企鵝,,,,,,,,,,,,,,,,,,,
冰上企鵝大挑戰,,,,,,,,,,,,,,,,,,,
全面通緝,,,,,,,,,,,,,,,,,,,
全面通緝,,,,,,,,,,,,,,,,,,,
全面通緝,,,,,,,,,,,,,,,,,,,
全力衝廁:新版,,,,,,,,,,,,,,,,,,,
兇煞迴廊,,,,,,,,,,,,,,,,,,,
伐木達人（2017年版）,,,,,,,,,,,,,,,,,,,
伊斯坦堡骰子版,,,,,,,,,,,,,,,,,,,
伊斯坦堡（中英文版）（送兩款擴充）,,,,,,,,,,,,,,,,,,,
企鵝疊疊樂,,,,,,,,,,,,,,,,,,,
交易員,,,,,,,,,,,,,,,,,,,
石器時代兒童版,,,,,,,,,,,,,,,,,,,
石器時代兒童版,,,,,,,,,,,,,,,,,,,
石器時代兒童版,,,,,,,,,,,,,,,,,,,
石器時代10週年紀念版,,,,,,,,,,,,,,,,,,,
石來運轉,,,,,,,,,,,,,,,,,,,
目擊者之夜,,,,,,,,,,,,,,,,,,,
皮影戲大師 (主/中文),,,,,,,,,,,,,,,,,,,
白賊七,,,,,,,,,,,,,,,,,,,
生態農場 (主/中文),,,,,,,,,,,,,,,,,,,
生態連線,,,,,,,,,,,,,,,,,,,
生態連線,,,,,,,,,,,,,,,,,,,
玄武門之變：太極篇,,,,,,,,,,,,,,,,,,,
玄武門之變：太極篇,,,,,,,,,,,,,,,,,,,
犯人在跳舞,,,,,,,,,,,,,,,,,,,
犯人在跳舞,,,,,,,,,,,,,,,,,,,
犯人在跳舞,,,,,,,,,,,,,,,,,,,
犯人在哪裡 (主/中文),,,,,,,,,,,,,,,,,,,
打蒼蠅,,,,,,,,,,,,,,,,,,,
打地鼠,,,,,,,,,,,,,,,,,,,
打地鼠,,,,,,,,,,,,,,,,,,,
打光94狂,,,,,,,,,,,,,,,,,,,
平衡抽抽棒,,,,,,,,,,,,,,,,,,,
平衡抽抽棒,,,,,,,,,,,,,,,,,,,
平衡抽抽棒,,,,,,,,,,,,,,,,,,,
平衡抽抽棒,,,,,,,,,,,,,,,,,,,
布丁大作戰,,,,,,,,,,,,,,,,,,,
巨龍奪堡,,,,,,,,,,,,,,,,,,,
巨龍峽谷,,,,,,,,,,,,,,,,,,,
巧手精算撕,,,,,,,,,,,,,,,,,,,
巧手猜圖,,,,,,,,,,,,,,,,,,,
左鄰右舍,,,,,,,,,,,,,,,,,,,
左右難題,,,,,,,,,,,,,,,,,,,
奶酪大盜,,,,,,,,,,,,,,,,,,,
失落的城市,,,,,,,,,,,,,,,,,,,
夯夯樂,,,,,,,,,,,,,,,,,,,
外星怪,,,,,,,,,,,,,,,,,,,
四季物語 (主/中文),,,,,,,,,,,,,,,,,,,
四季之森,,,,,,,,,,,,,,,,,,,
可可亞,,,,,,,,,,,,,,,,,,,
古戰陣,,,,,,,,,,,,,,,,,,,
古戰陣,,,,,,,,,,,,,,,,,,,
古戰陣,,,,,,,,,,,,,,,,,,,
古墓謎蹤,,,,,,,,,,,,,,,,,,,
古董局中局:十二獸首平裝版,,,,,,,,,,,,,,,,,,,
去市場,,,,,,,,,,,,,,,,,,,
卡魯巴兒童版,,,,,,,,,,,,,,,,,,,
卡魯巴,,,,,,,,,,,,,,,,,,,
卡斯卡迪亞之旅（含KS特典卡）(主/中文),,,,,,,,,,,,,,,,,,,
卡坦島騎士擴充,,,,,,,,,,,,,,,,,,,
卡坦島海洋擴充,,,,,,,,,,,,,,,,,,,
卡坦島兒童版,,,,,,,,,,,,,,,,,,,
卡坦島兒童版,,,,,,,,,,,,,,,,,,,
卡坦島兒童版,,,,,,,,,,,,,,,,,,,
卡坦島兒童版,,,,,,,,,,,,,,,,,,,
卡坦島5-6人擴充,,,,,,,,,,,,,,,,,,,
卡坦島,,,,,,,,,,,,,,,,,,,
卡里巴湖,,,,,,,,,,,,,,,,,,,
卡里巴湖,,,,,,,,,,,,,,,,,,,
卡吞那,,,,,,,,,,,,,,,,,,,
卡布奇諾,,,,,,,,,,,,,,,,,,,
卡卡頌兒童版,,,,,,,,,,,,,,,,,,,
卡卡頌兒童版,,,,,,,,,,,,,,,,,,,
卡卡頌+主教堂與餐館擴充套組,,,,,,,,,,,,,,,,,,,
北洋船隊,,,,,,,,,,,,,,,,,,,
加法對決,,,,,,,,,,,,,,,,,,,
功夫動物園,,,,,,,,,,,,,,,,,,,
功夫刺蝟,,,,,,,,,,,,,,,,,,,
出租英雄,,,,,,,,,,,,,,,,,,,
出租公寓,,,,,,,,,,,,,,,,,,,
出包魔法師,,,,,,,,,,,,,,,,,,,
出包魔法師,,,,,,,,,,,,,,,,,,,
仙境夢遊(主/中文),,,,,,,,,,,,,,,,,,,
仙丹妙搖,,,,,,,,,,,,,,,,,,,
仙子魔法陣,,,,,,,,,,,,,,,,,,,
世紀:新世界,,,,,,,,,,,,,,,,,,,
世紀:香料之路,,,,,,,,,,,,,,,,,,,
世紀:東方奇觀,,,,,,,,,,,,,,,,,,,
世界上有2種人!,,,,,,,,,,,,,,,,,,,
王牌檢察官,,,,,,,,,,,,,,,,,,,
王國製圖師,,,,,,,,,,,,,,,,,,,
王國,,,,,,,,,,,,,,,,,,,
牙買加:擴充,,,,,,,,,,,,,,,,,,,
牙買加 (主/中文),,,,,,,,,,,,,,,,,,,
火柴會說話:Family,,,,,,,,,,,,,,,,,,,
火星骰,,,,,,,,,,,,,,,,,,,
水瓶座,,,,,,,,,,,,,,,,,,,
水瓶座,,,,,,,,,,,,,,,,,,,
水瓶座,,,,,,,,,,,,,,,,,,,
水瓶座,,,,,,,,,,,,,,,,,,,
水啦! (主/中文),,,,,,,,,,,,,,,,,,,
水果數到10,,,,,,,,,,,,,,,,,,,
水果沙拉,,,,,,,,,,,,,,,,,,,
水果沙拉,,,,,,,,,,,,,,,,,,,
水火不容,,,,,,,,,,,,,,,,,,,
毛塵寶寶,,,,,,,,,,,,,,,,,,,
木林森處,,,,,,,,,,,,,,,,,,,
木林森處,,,,,,,,,,,,,,,,,,,
日與夜,,,,,,,,,,,,,,,,,,,
方塊沙沙,,,,,,,,,,,,,,,,,,,
方塊沙沙,,,,,,,,,,,,,,,,,,,
方格都市 (主/中文),,,,,,,,,,,,,,,,,,,
方舟:鐵盒,,,,,,,,,,,,,,,,,,,
文獻室,,,,,,,,,,,,,,,,,,,
手造奇觀,,,,,,,,,,,,,,,,,,,
手指奧運會,,,,,,,,,,,,,,,,,,,
心靈共感 (主/中文),,,,,,,,,,,,,,,,,,,
心電感應,,,,,,,,,,,,,,,,,,,
巴黎鐵路,,,,,,,,,,,,,,,,,,,
巴撒利市集,,,,,,,,,,,,,,,,,,,
太陽神的祭司,,,,,,,,,,,,,,,,,,,
太空基地,,,,,,,,,,,,,,,,,,,
太空大冒險,,,,,,,,,,,,,,,,,,,
天姬世紀,,,,,,,,,,,,,,,,,,,
天皇,,,,,,,,,,,,,,,,,,,
天生絕配:舊版,,,,,,,,,,,,,,,,,,,
天生絕配:新版,,,,,,,,,,,,,,,,,,,
天天都是情人節,,,,,,,,,,,,,,,,,,,
反轉UNO遊戲卡,,,,,,,,,,,,,,,,,,,
反斗馬戲團,,,,,,,,,,,,,,,,,,,
厄夜魔堡,,,,,,,,,,,,,,,,,,,
午茶之戰,,,,,,,,,,,,,,,,,,,
化裝舞會:擴充,,,,,,,,,,,,,,,,,,,
化裝舞會,,,,,,,,,,,,,,,,,,,
化裝舞會,,,,,,,,,,,,,,,,,,,
化合物,,,,,,,,,,,,,,,,,,,
六次方認知學習多米諾-邏輯配對,,,,,,,,,,,,,,,,,,,
六次方認知學習多米諾-邏輯配對,,,,,,,,,,,,,,,,,,,
六次方認知學習多米諾-邏輯配對,,,,,,,,,,,,,,,,,,,
內鬼疑雲:新版,,,,,,,,,,,,,,,,,,,
今晚要吃誰,,,,,,,,,,,,,,,,,,,
五感大挑戰,,,,,,,,,,,,,,,,,,,
五年五百億,,,,,,,,,,,,,,,,,,,
中國城 (主/英文),,,,,,,,,,,,,,,,,,,
不要喚醒克蘇魯,,,,,,,,,,,,,,,,,,,
不要命的冒險,,,,,,,,,,,,,,,,,,,
不在場證明,,,,,,,,,,,,,,,,,,,
山中小屋,,,,,,,,,,,,,,,,,,,
小雞大逃亡,,,,,,,,,,,,,,,,,,,
小農巴菲特,,,,,,,,,,,,,,,,,,,
小惡魔,,,,,,,,,,,,,,,,,,,
小島,,,,,,,,,,,,,,,,,,,
小紅帽與大野狼 (主/中文),,,,,,,,,,,,,,,,,,,
小紅帽與大野狼 (主/中文),,,,,,,,,,,,,,,,,,,
小羊躲貓貓,,,,,,,,,,,,,,,,,,,
小早川,,,,,,,,,,,,,,,,,,,
小早川,,,,,,,,,,,,,,,,,,,
小早川,,,,,,,,,,,,,,,,,,,
小王子:駛向群星,,,,,,,,,,,,,,,,,,,
小木偶,,,,,,,,,,,,,,,,,,,
小手揉揉紙團創作,,,,,,,,,,,,,,,,,,,
小手揉揉紙團創作,,,,,,,,,,,,,,,,,,,
小手揉揉紙團創作,,,,,,,,,,,,,,,,,,,
小手揉揉紙團創作,,,,,,,,,,,,,,,,,,,
小手動動紙袋手偶,,,,,,,,,,,,,,,,,,,
小手動動紙袋手偶,,,,,,,,,,,,,,,,,,,
小手動動紙袋手偶,,,,,,,,,,,,,,,,,,,
小小賽車手 (主/中文),,,,,,,,,,,,,,,,,,,
小小賽車手 (主/中文),,,,,,,,,,,,,,,,,,,
小小賽車手,,,,,,,,,,,,,,,,,,,
小小貓頭鷹,,,,,,,,,,,,,,,,,,,
小小貓頭鷹,,,,,,,,,,,,,,,,,,,
小小英雄出任務,,,,,,,,,,,,,,,,,,,
小小英雄出任務,,,,,,,,,,,,,,,,,,,
小小城鎮,,,,,,,,,,,,,,,,,,,
小小村莊,,,,,,,,,,,,,,,,,,,
小小守護者,,,,,,,,,,,,,,,,,,,
小小生態圈,,,,,,,,,,,,,,,,,,,
小小世界,,,,,,,,,,,,,,,,,,,
小小公園,,,,,,,,,,,,,,,,,,,
女巫的佳釀,,,,,,,,,,,,,,,,,,,
大鍋炒,,,,,,,,,,,,,,,,,,,
大鍋炒,,,,,,,,,,,,,,,,,,,
大頭娃娃套組,,,,,,,,,,,,,,,,,,,
大頭娃娃套組,,,,,,,,,,,,,,,,,,,
大頭娃娃,,,,,,,,,,,,,,,,,,,
大頭娃娃,,,,,,,,,,,,,,,,,,,
大滿貫,,,,,,,,,,,,,,,,,,,
大滿貫,,,,,,,,,,,,,,,,,,,
大滿貫,,,,,,,,,,,,,,,,,,,
大腦益智盒 字母遊戲 (主/中文),,,,,,,,,,,,,,,,,,,
大搜查！遊戲冒險,,,,,,,,,,,,,,,,,,,
大搜查！超自然冒險 中文版,,,,,,,,,,,,,,,,,,,
大搜查！絕密冒險 03 (主/中文),,,,,,,,,,,,,,,,,,,
大搜查！異域冒險 04 (主/中文),,,,,,,,,,,,,,,,,,,
大搜查！神秘冒險 02 (主/中文),,,,,,,,,,,,,,,,,,,
大搜查！時光冒險 06 (主/中文),,,,,,,,,,,,,,,,,,,
大搜查！英勇冒險 05 (主/中文),,,,,,,,,,,,,,,,,,,
大搜查！星際大戰 SW01 (主/中文),,,,,,,,,,,,,,,,,,,
大搜查!兒童版:偵探故事,,,,,,,,,,,,,,,,,,,
大搜查！史詩冒險 07 (主/中文),,,,,,,,,,,,,,,,,,,
大搜查! 神話冒險 08 (主/中文),,,,,,,,,,,,,,,,,,,
大搜查-傳奇冒險,,,,,,,,,,,,,,,,,,,
大搜查 01 (主/中文),,,,,,,,,,,,,,,,,,,
大魚吃小魚,,,,,,,,,,,,,,,,,,,
大魚吃小魚,,,,,,,,,,,,,,,,,,,
大師畫廊,,,,,,,,,,,,,,,,,,,
大家一起Making BL,,,,,,,,,,,,,,,,,,,
大限77,,,,,,,,,,,,,,,,,,,
大地傳說,,,,,,,,,,,,,,,,,,,
大五月花號:農夫擴充,,,,,,,,,,,,,,,,,,,
大五月花號：商人擴充,,,,,,,,,,,,,,,,,,,
大五月花號,,,,,,,,,,,,,,,,,,,
土狼在笑你,,,,,,,,,,,,,,,,,,,
土狼在笑你,,,,,,,,,,,,,,,,,,,
口袋密室:幕後驚奇,,,,,,,,,,,,,,,,,,,
口袋密室:時間測試,,,,,,,,,,,,,,,,,,,
口袋密室:威尼斯大劫案,,,,,,,,,,,,,,,,,,,
亡者神抽,,,,,,,,,,,,,,,,,,,
亡者神抽,,,,,,,,,,,,,,,,,,,
亡命駛徒,,,,,,,,,,,,,,,,,,,
上流社會,,,,,,,,,,,,,,,,,,,
三隻小豬,,,,,,,,,,,,,,,,,,,
三隻小豬,,,,,,,,,,,,,,,,,,,
三千世界鴉殺盡,,,,,,,,,,,,,,,,,,,
三人成築 薄荷版,,,,,,,,,,,,,,,,,,,
三人成築 洋紅版,,,,,,,,,,,,,,,,,,,
力爭上游,,,,,,,,,,,,,,,,,,,
八分鐘帝國,,,,,,,,,,,,,,,,,,,
七彩跑跑豬,,,,,,,,,,,,,,,,,,,
七大奇蹟對決套組(含擴充),,,,,,,,,,,,,,,,,,,
七大奇蹟:領袖 (擴/中文),,,,,,,,,,,,,,,,,,,
七大奇蹟:通天塔擴充,,,,,,,,,,,,,,,,,,,
七大奇蹟:城邦 (擴/中文),,,,,,,,,,,,,,,,,,,
七大奇蹟 對決 (主/中文),,,,,,,,,,,,,,,,,,,
七大奇蹟,,,,,,,,,,,,,,,,,,,
一網打盡,,,,,,,,,,,,,,,,,,,
一路玩到掛,,,,,,,,,,,,,,,,,,,
一根香腸,,,,,,,,,,,,,,,,,,,
一拍即呵,,,,,,,,,,,,,,,,,,,
一夜終極狼人:破曉,,,,,,,,,,,,,,,,,,,
一夜終極狼人,,,,,,,,,,,,,,,,,,,
5秒定律:大盒版,,,,,,,,,,,,,,,,,,,
5秒定律:大盒版,,,,,,,,,,,,,,,,,,,
5秒定律,,,,,,,,,,,,,,,,,,,
5秒定律,,,,,,,,,,,,,,,,,,,
3D迷宮塔,,,,,,,,,,,,,,,,,,,
13道線索,,,,,,,,,,,,,,,,,,,
12 Days of Christmas,,,,,,,,,,,,,,,,,,,
1~10數學學習盒,,,,,,,,,,,,,,,,,,,